[1.309s] DEBUG:colcon:Command line arguments: ['/usr/bin/colcon', 'build']
[1.309s] DEBUG:colcon:Parsed command line arguments: Namespace(log_base=None, log_level=None, verb_name='build', build_base='build', install_base='install', merge_install=False, symlink_install=False, test_result_base=None, continue_on_error=False, executor='parallel', parallel_workers=4, event_handlers=None, ignore_user_meta=False, metas=['./colcon.meta'], base_paths=['.'], packages_ignore=None, packages_ignore_regex=None, paths=None, packages_up_to=None, packages_up_to_regex=None, packages_above=None, packages_above_and_dependencies=None, packages_above_depth=None, packages_select_by_dep=None, packages_skip_by_dep=None, packages_skip_up_to=None, packages_select_build_failed=False, packages_skip_build_finished=False, packages_select_test_failures=False, packages_skip_test_passed=False, packages_select=None, packages_skip=None, packages_select_regex=None, packages_skip_regex=None, packages_start=None, packages_end=None, allow_overriding=[], cmake_args=None, cmake_target=None, cmake_target_skip_unavailable=False, cmake_clean_cache=False, cmake_clean_first=False, cmake_force_configure=False, ament_cmake_args=None, catkin_cmake_args=None, catkin_skip_building_tests=False, mixin_files=None, mixin=None, verb_parser=<colcon_mixin.mixin.mixin_argument.MixinArgumentDecorator object at 0x79b9663fed10>, verb_extension=<colcon_core.verb.build.BuildVerb object at 0x79b9665312a0>, main=<bound method BuildVerb.main of <colcon_core.verb.build.BuildVerb object at 0x79b9665312a0>>, mixin_verb=('build',))
[1.380s] Level 1:colcon.colcon_core.package_discovery:discover_packages(colcon_meta) check parameters
[1.381s] Level 1:colcon.colcon_core.package_discovery:discover_packages(recursive) check parameters
[1.381s] Level 1:colcon.colcon_core.package_discovery:discover_packages(ignore) check parameters
[1.381s] Level 1:colcon.colcon_core.package_discovery:discover_packages(path) check parameters
[1.381s] Level 1:colcon.colcon_core.package_discovery:discover_packages(colcon_meta) discover
[1.382s] Level 1:colcon.colcon_core.package_discovery:discover_packages(recursive) discover
[1.382s] INFO:colcon.colcon_core.package_discovery:Crawling recursively for packages in '/home/mtrn/Downloads/MTRN4231_Project'
[1.382s] Level 1:colcon.colcon_core.package_identification:_identify(.) by extensions ['ignore', 'ignore_ament_install']
[1.382s] Level 1:colcon.colcon_core.package_identification:_identify(.) by extension 'ignore'
[1.382s] Level 1:colcon.colcon_core.package_identification:_identify(.) by extension 'ignore_ament_install'
[1.383s] Level 1:colcon.colcon_core.package_identification:_identify(.) by extensions ['colcon_pkg']
[1.383s] Level 1:colcon.colcon_core.package_identification:_identify(.) by extension 'colcon_pkg'
[1.383s] Level 1:colcon.colcon_core.package_identification:_identify(.) by extensions ['colcon_meta']
[1.383s] Level 1:colcon.colcon_core.package_identification:_identify(.) by extension 'colcon_meta'
[1.383s] Level 1:colcon.colcon_core.package_identification:_identify(.) by extensions ['ros']
[1.383s] Level 1:colcon.colcon_core.package_identification:_identify(.) by extension 'ros'
[1.412s] Level 1:colcon.colcon_core.package_identification:_identify(.) by extensions ['cmake', 'python']
[1.412s] Level 1:colcon.colcon_core.package_identification:_identify(.) by extension 'cmake'
[1.412s] Level 1:colcon.colcon_core.package_identification:_identify(.) by extension 'python'
[1.412s] Level 1:colcon.colcon_core.package_identification:_identify(.) by extensions ['python_setup_py']
[1.412s] Level 1:colcon.colcon_core.package_identification:_identify(.) by extension 'python_setup_py'
[1.413s] Level 1:colcon.colcon_core.package_identification:_identify(build) by extensions ['ignore', 'ignore_ament_install']
[1.413s] Level 1:colcon.colcon_core.package_identification:_identify(build) by extension 'ignore'
[1.413s] Level 1:colcon.colcon_core.package_identification:_identify(build) ignored
[1.413s] Level 1:colcon.colcon_core.package_identification:_identify(install) by extensions ['ignore', 'ignore_ament_install']
[1.413s] Level 1:colcon.colcon_core.package_identification:_identify(install) by extension 'ignore'
[1.413s] Level 1:colcon.colcon_core.package_identification:_identify(install) ignored
[1.414s] Level 1:colcon.colcon_core.package_identification:_identify(log) by extensions ['ignore', 'ignore_ament_install']
[1.414s] Level 1:colcon.colcon_core.package_identification:_identify(log) by extension 'ignore'
[1.414s] Level 1:colcon.colcon_core.package_identification:_identify(log) ignored
[1.414s] Level 1:colcon.colcon_core.package_identification:_identify(src) by extensions ['ignore', 'ignore_ament_install']
[1.414s] Level 1:colcon.colcon_core.package_identification:_identify(src) by extension 'ignore'
[1.414s] Level 1:colcon.colcon_core.package_identification:_identify(src) by extension 'ignore_ament_install'
[1.414s] Level 1:colcon.colcon_core.package_identification:_identify(src) by extensions ['colcon_pkg']
[1.414s] Level 1:colcon.colcon_core.package_identification:_identify(src) by extension 'colcon_pkg'
[1.415s] Level 1:colcon.colcon_core.package_identification:_identify(src) by extensions ['colcon_meta']
[1.415s] Level 1:colcon.colcon_core.package_identification:_identify(src) by extension 'colcon_meta'
[1.415s] Level 1:colcon.colcon_core.package_identification:_identify(src) by extensions ['ros']
[1.415s] Level 1:colcon.colcon_core.package_identification:_identify(src) by extension 'ros'
[1.415s] Level 1:colcon.colcon_core.package_identification:_identify(src) by extensions ['cmake', 'python']
[1.415s] Level 1:colcon.colcon_core.package_identification:_identify(src) by extension 'cmake'
[1.415s] Level 1:colcon.colcon_core.package_identification:_identify(src) by extension 'python'
[1.415s] Level 1:colcon.colcon_core.package_identification:_identify(src) by extensions ['python_setup_py']
[1.415s] Level 1:colcon.colcon_core.package_identification:_identify(src) by extension 'python_setup_py'
[1.415s] Level 1:colcon.colcon_core.package_identification:_identify(src/arm_controller) by extensions ['ignore', 'ignore_ament_install']
[1.415s] Level 1:colcon.colcon_core.package_identification:_identify(src/arm_controller) by extension 'ignore'
[1.415s] Level 1:colcon.colcon_core.package_identification:_identify(src/arm_controller) by extension 'ignore_ament_install'
[1.416s] Level 1:colcon.colcon_core.package_identification:_identify(src/arm_controller) by extensions ['colcon_pkg']
[1.416s] Level 1:colcon.colcon_core.package_identification:_identify(src/arm_controller) by extension 'colcon_pkg'
[1.416s] Level 1:colcon.colcon_core.package_identification:_identify(src/arm_controller) by extensions ['colcon_meta']
[1.416s] Level 1:colcon.colcon_core.package_identification:_identify(src/arm_controller) by extension 'colcon_meta'
[1.416s] Level 1:colcon.colcon_core.package_identification:_identify(src/arm_controller) by extensions ['ros']
[1.416s] Level 1:colcon.colcon_core.package_identification:_identify(src/arm_controller) by extension 'ros'
[1.444s] DEBUG:colcon.colcon_core.package_identification:Package 'src/arm_controller' with type 'ros.ament_cmake' and name 'arm_controller'
[1.444s] Level 1:colcon.colcon_core.package_identification:_identify(src/custom_interfaces) by extensions ['ignore', 'ignore_ament_install']
[1.445s] Level 1:colcon.colcon_core.package_identification:_identify(src/custom_interfaces) by extension 'ignore'
[1.445s] Level 1:colcon.colcon_core.package_identification:_identify(src/custom_interfaces) by extension 'ignore_ament_install'
[1.445s] Level 1:colcon.colcon_core.package_identification:_identify(src/custom_interfaces) by extensions ['colcon_pkg']
[1.445s] Level 1:colcon.colcon_core.package_identification:_identify(src/custom_interfaces) by extension 'colcon_pkg'
[1.445s] Level 1:colcon.colcon_core.package_identification:_identify(src/custom_interfaces) by extensions ['colcon_meta']
[1.445s] Level 1:colcon.colcon_core.package_identification:_identify(src/custom_interfaces) by extension 'colcon_meta'
[1.445s] Level 1:colcon.colcon_core.package_identification:_identify(src/custom_interfaces) by extensions ['ros']
[1.445s] Level 1:colcon.colcon_core.package_identification:_identify(src/custom_interfaces) by extension 'ros'
[1.446s] DEBUG:colcon.colcon_core.package_identification:Package 'src/custom_interfaces' with type 'ros.ament_cmake' and name 'custom_interfaces'
[1.446s] Level 1:colcon.colcon_core.package_identification:_identify(src/end_effector_description) by extensions ['ignore', 'ignore_ament_install']
[1.447s] Level 1:colcon.colcon_core.package_identification:_identify(src/end_effector_description) by extension 'ignore'
[1.447s] Level 1:colcon.colcon_core.package_identification:_identify(src/end_effector_description) by extension 'ignore_ament_install'
[1.447s] Level 1:colcon.colcon_core.package_identification:_identify(src/end_effector_description) by extensions ['colcon_pkg']
[1.447s] Level 1:colcon.colcon_core.package_identification:_identify(src/end_effector_description) by extension 'colcon_pkg'
[1.447s] Level 1:colcon.colcon_core.package_identification:_identify(src/end_effector_description) by extensions ['colcon_meta']
[1.447s] Level 1:colcon.colcon_core.package_identification:_identify(src/end_effector_description) by extension 'colcon_meta'
[1.448s] Level 1:colcon.colcon_core.package_identification:_identify(src/end_effector_description) by extensions ['ros']
[1.448s] Level 1:colcon.colcon_core.package_identification:_identify(src/end_effector_description) by extension 'ros'
[1.448s] DEBUG:colcon.colcon_core.package_identification:Package 'src/end_effector_description' with type 'ros.ament_cmake' and name 'end_effector_description'
[1.448s] Level 1:colcon.colcon_core.package_identification:_identify(src/ur5e_custom_description) by extensions ['ignore', 'ignore_ament_install']
[1.449s] Level 1:colcon.colcon_core.package_identification:_identify(src/ur5e_custom_description) by extension 'ignore'
[1.449s] Level 1:colcon.colcon_core.package_identification:_identify(src/ur5e_custom_description) by extension 'ignore_ament_install'
[1.449s] Level 1:colcon.colcon_core.package_identification:_identify(src/ur5e_custom_description) by extensions ['colcon_pkg']
[1.449s] Level 1:colcon.colcon_core.package_identification:_identify(src/ur5e_custom_description) by extension 'colcon_pkg'
[1.449s] Level 1:colcon.colcon_core.package_identification:_identify(src/ur5e_custom_description) by extensions ['colcon_meta']
[1.450s] Level 1:colcon.colcon_core.package_identification:_identify(src/ur5e_custom_description) by extension 'colcon_meta'
[1.450s] Level 1:colcon.colcon_core.package_identification:_identify(src/ur5e_custom_description) by extensions ['ros']
[1.450s] Level 1:colcon.colcon_core.package_identification:_identify(src/ur5e_custom_description) by extension 'ros'
[1.451s] DEBUG:colcon.colcon_core.package_identification:Package 'src/ur5e_custom_description' with type 'ros.ament_cmake' and name 'ur5e_custom_description'
[1.451s] Level 1:colcon.colcon_core.package_identification:_identify(src/ur5e_moveit_config_custom) by extensions ['ignore', 'ignore_ament_install']
[1.451s] Level 1:colcon.colcon_core.package_identification:_identify(src/ur5e_moveit_config_custom) by extension 'ignore'
[1.451s] Level 1:colcon.colcon_core.package_identification:_identify(src/ur5e_moveit_config_custom) by extension 'ignore_ament_install'
[1.451s] Level 1:colcon.colcon_core.package_identification:_identify(src/ur5e_moveit_config_custom) by extensions ['colcon_pkg']
[1.451s] Level 1:colcon.colcon_core.package_identification:_identify(src/ur5e_moveit_config_custom) by extension 'colcon_pkg'
[1.451s] Level 1:colcon.colcon_core.package_identification:_identify(src/ur5e_moveit_config_custom) by extensions ['colcon_meta']
[1.451s] Level 1:colcon.colcon_core.package_identification:_identify(src/ur5e_moveit_config_custom) by extension 'colcon_meta'
[1.451s] Level 1:colcon.colcon_core.package_identification:_identify(src/ur5e_moveit_config_custom) by extensions ['ros']
[1.451s] Level 1:colcon.colcon_core.package_identification:_identify(src/ur5e_moveit_config_custom) by extension 'ros'
[1.452s] DEBUG:colcon.colcon_core.package_identification:Package 'src/ur5e_moveit_config_custom' with type 'ros.ament_cmake' and name 'ur5e_moveit_config_custom'
[1.452s] Level 1:colcon.colcon_core.package_discovery:discover_packages(recursive) using defaults
[1.452s] Level 1:colcon.colcon_core.package_discovery:discover_packages(ignore) discover
[1.453s] Level 1:colcon.colcon_core.package_discovery:discover_packages(ignore) using defaults
[1.453s] Level 1:colcon.colcon_core.package_discovery:discover_packages(path) discover
[1.453s] Level 1:colcon.colcon_core.package_discovery:discover_packages(path) using defaults
[1.706s] Level 1:colcon.colcon_core.package_discovery:discover_packages(prefix_path) check parameters
[1.706s] Level 1:colcon.colcon_core.package_discovery:discover_packages(prefix_path) discover
[1.734s] DEBUG:colcon.colcon_installed_package_information.package_discovery:Found 7 installed packages in /home/mtrn/4231/ros_ur_driver/install
[1.746s] DEBUG:colcon.colcon_installed_package_information.package_discovery:Found 55 installed packages in /home/mtrn/4231/ws_moveit2/install
[1.760s] DEBUG:colcon.colcon_installed_package_information.package_discovery:Found 345 installed packages in /opt/ros/humble
[1.768s] Level 1:colcon.colcon_core.package_discovery:discover_packages(prefix_path) using defaults
[2.055s] Level 5:colcon.colcon_core.verb:set package 'custom_interfaces' build argument 'cmake_args' from command line to 'None'
[2.056s] Level 5:colcon.colcon_core.verb:set package 'custom_interfaces' build argument 'cmake_target' from command line to 'None'
[2.056s] Level 5:colcon.colcon_core.verb:set package 'custom_interfaces' build argument 'cmake_target_skip_unavailable' from command line to 'False'
[2.056s] Level 5:colcon.colcon_core.verb:set package 'custom_interfaces' build argument 'cmake_clean_cache' from command line to 'False'
[2.056s] Level 5:colcon.colcon_core.verb:set package 'custom_interfaces' build argument 'cmake_clean_first' from command line to 'False'
[2.056s] Level 5:colcon.colcon_core.verb:set package 'custom_interfaces' build argument 'cmake_force_configure' from command line to 'False'
[2.056s] Level 5:colcon.colcon_core.verb:set package 'custom_interfaces' build argument 'ament_cmake_args' from command line to 'None'
[2.056s] Level 5:colcon.colcon_core.verb:set package 'custom_interfaces' build argument 'catkin_cmake_args' from command line to 'None'
[2.056s] Level 5:colcon.colcon_core.verb:set package 'custom_interfaces' build argument 'catkin_skip_building_tests' from command line to 'False'
[2.056s] DEBUG:colcon.colcon_core.verb:Building package 'custom_interfaces' with the following arguments: {'ament_cmake_args': None, 'build_base': '/home/mtrn/Downloads/MTRN4231_Project/build/custom_interfaces', 'catkin_cmake_args': None, 'catkin_skip_building_tests': False, 'cmake_args': None, 'cmake_clean_cache': False, 'cmake_clean_first': False, 'cmake_force_configure': False, 'cmake_target': None, 'cmake_target_skip_unavailable': False, 'install_base': '/home/mtrn/Downloads/MTRN4231_Project/install/custom_interfaces', 'merge_install': False, 'path': '/home/mtrn/Downloads/MTRN4231_Project/src/custom_interfaces', 'symlink_install': False, 'test_result_base': None}
[2.066s] Level 5:colcon.colcon_core.verb:set package 'end_effector_description' build argument 'cmake_args' from command line to 'None'
[2.066s] Level 5:colcon.colcon_core.verb:set package 'end_effector_description' build argument 'cmake_target' from command line to 'None'
[2.066s] Level 5:colcon.colcon_core.verb:set package 'end_effector_description' build argument 'cmake_target_skip_unavailable' from command line to 'False'
[2.067s] Level 5:colcon.colcon_core.verb:set package 'end_effector_description' build argument 'cmake_clean_cache' from command line to 'False'
[2.067s] Level 5:colcon.colcon_core.verb:set package 'end_effector_description' build argument 'cmake_clean_first' from command line to 'False'
[2.067s] Level 5:colcon.colcon_core.verb:set package 'end_effector_description' build argument 'cmake_force_configure' from command line to 'False'
[2.067s] Level 5:colcon.colcon_core.verb:set package 'end_effector_description' build argument 'ament_cmake_args' from command line to 'None'
[2.067s] Level 5:colcon.colcon_core.verb:set package 'end_effector_description' build argument 'catkin_cmake_args' from command line to 'None'
[2.067s] Level 5:colcon.colcon_core.verb:set package 'end_effector_description' build argument 'catkin_skip_building_tests' from command line to 'False'
[2.067s] DEBUG:colcon.colcon_core.verb:Building package 'end_effector_description' with the following arguments: {'ament_cmake_args': None, 'build_base': '/home/mtrn/Downloads/MTRN4231_Project/build/end_effector_description', 'catkin_cmake_args': None, 'catkin_skip_building_tests': False, 'cmake_args': None, 'cmake_clean_cache': False, 'cmake_clean_first': False, 'cmake_force_configure': False, 'cmake_target': None, 'cmake_target_skip_unavailable': False, 'install_base': '/home/mtrn/Downloads/MTRN4231_Project/install/end_effector_description', 'merge_install': False, 'path': '/home/mtrn/Downloads/MTRN4231_Project/src/end_effector_description', 'symlink_install': False, 'test_result_base': None}
[2.071s] Level 5:colcon.colcon_core.verb:set package 'ur5e_moveit_config_custom' build argument 'cmake_args' from command line to 'None'
[2.071s] Level 5:colcon.colcon_core.verb:set package 'ur5e_moveit_config_custom' build argument 'cmake_target' from command line to 'None'
[2.071s] Level 5:colcon.colcon_core.verb:set package 'ur5e_moveit_config_custom' build argument 'cmake_target_skip_unavailable' from command line to 'False'
[2.071s] Level 5:colcon.colcon_core.verb:set package 'ur5e_moveit_config_custom' build argument 'cmake_clean_cache' from command line to 'False'
[2.071s] Level 5:colcon.colcon_core.verb:set package 'ur5e_moveit_config_custom' build argument 'cmake_clean_first' from command line to 'False'
[2.072s] Level 5:colcon.colcon_core.verb:set package 'ur5e_moveit_config_custom' build argument 'cmake_force_configure' from command line to 'False'
[2.072s] Level 5:colcon.colcon_core.verb:set package 'ur5e_moveit_config_custom' build argument 'ament_cmake_args' from command line to 'None'
[2.072s] Level 5:colcon.colcon_core.verb:set package 'ur5e_moveit_config_custom' build argument 'catkin_cmake_args' from command line to 'None'
[2.072s] Level 5:colcon.colcon_core.verb:set package 'ur5e_moveit_config_custom' build argument 'catkin_skip_building_tests' from command line to 'False'
[2.072s] DEBUG:colcon.colcon_core.verb:Building package 'ur5e_moveit_config_custom' with the following arguments: {'ament_cmake_args': None, 'build_base': '/home/mtrn/Downloads/MTRN4231_Project/build/ur5e_moveit_config_custom', 'catkin_cmake_args': None, 'catkin_skip_building_tests': False, 'cmake_args': None, 'cmake_clean_cache': False, 'cmake_clean_first': False, 'cmake_force_configure': False, 'cmake_target': None, 'cmake_target_skip_unavailable': False, 'install_base': '/home/mtrn/Downloads/MTRN4231_Project/install/ur5e_moveit_config_custom', 'merge_install': False, 'path': '/home/mtrn/Downloads/MTRN4231_Project/src/ur5e_moveit_config_custom', 'symlink_install': False, 'test_result_base': None}
[2.076s] Level 5:colcon.colcon_core.verb:set package 'arm_controller' build argument 'cmake_args' from command line to 'None'
[2.077s] Level 5:colcon.colcon_core.verb:set package 'arm_controller' build argument 'cmake_target' from command line to 'None'
[2.077s] Level 5:colcon.colcon_core.verb:set package 'arm_controller' build argument 'cmake_target_skip_unavailable' from command line to 'False'
[2.077s] Level 5:colcon.colcon_core.verb:set package 'arm_controller' build argument 'cmake_clean_cache' from command line to 'False'
[2.077s] Level 5:colcon.colcon_core.verb:set package 'arm_controller' build argument 'cmake_clean_first' from command line to 'False'
[2.077s] Level 5:colcon.colcon_core.verb:set package 'arm_controller' build argument 'cmake_force_configure' from command line to 'False'
[2.077s] Level 5:colcon.colcon_core.verb:set package 'arm_controller' build argument 'ament_cmake_args' from command line to 'None'
[2.077s] Level 5:colcon.colcon_core.verb:set package 'arm_controller' build argument 'catkin_cmake_args' from command line to 'None'
[2.077s] Level 5:colcon.colcon_core.verb:set package 'arm_controller' build argument 'catkin_skip_building_tests' from command line to 'False'
[2.077s] DEBUG:colcon.colcon_core.verb:Building package 'arm_controller' with the following arguments: {'ament_cmake_args': None, 'build_base': '/home/mtrn/Downloads/MTRN4231_Project/build/arm_controller', 'catkin_cmake_args': None, 'catkin_skip_building_tests': False, 'cmake_args': None, 'cmake_clean_cache': False, 'cmake_clean_first': False, 'cmake_force_configure': False, 'cmake_target': None, 'cmake_target_skip_unavailable': False, 'install_base': '/home/mtrn/Downloads/MTRN4231_Project/install/arm_controller', 'merge_install': False, 'path': '/home/mtrn/Downloads/MTRN4231_Project/src/arm_controller', 'symlink_install': False, 'test_result_base': None}
[2.082s] Level 5:colcon.colcon_core.verb:set package 'ur5e_custom_description' build argument 'cmake_args' from command line to 'None'
[2.082s] Level 5:colcon.colcon_core.verb:set package 'ur5e_custom_description' build argument 'cmake_target' from command line to 'None'
[2.083s] Level 5:colcon.colcon_core.verb:set package 'ur5e_custom_description' build argument 'cmake_target_skip_unavailable' from command line to 'False'
[2.083s] Level 5:colcon.colcon_core.verb:set package 'ur5e_custom_description' build argument 'cmake_clean_cache' from command line to 'False'
[2.083s] Level 5:colcon.colcon_core.verb:set package 'ur5e_custom_description' build argument 'cmake_clean_first' from command line to 'False'
[2.083s] Level 5:colcon.colcon_core.verb:set package 'ur5e_custom_description' build argument 'cmake_force_configure' from command line to 'False'
[2.083s] Level 5:colcon.colcon_core.verb:set package 'ur5e_custom_description' build argument 'ament_cmake_args' from command line to 'None'
[2.083s] Level 5:colcon.colcon_core.verb:set package 'ur5e_custom_description' build argument 'catkin_cmake_args' from command line to 'None'
[2.083s] Level 5:colcon.colcon_core.verb:set package 'ur5e_custom_description' build argument 'catkin_skip_building_tests' from command line to 'False'
[2.083s] DEBUG:colcon.colcon_core.verb:Building package 'ur5e_custom_description' with the following arguments: {'ament_cmake_args': None, 'build_base': '/home/mtrn/Downloads/MTRN4231_Project/build/ur5e_custom_description', 'catkin_cmake_args': None, 'catkin_skip_building_tests': False, 'cmake_args': None, 'cmake_clean_cache': False, 'cmake_clean_first': False, 'cmake_force_configure': False, 'cmake_target': None, 'cmake_target_skip_unavailable': False, 'install_base': '/home/mtrn/Downloads/MTRN4231_Project/install/ur5e_custom_description', 'merge_install': False, 'path': '/home/mtrn/Downloads/MTRN4231_Project/src/ur5e_custom_description', 'symlink_install': False, 'test_result_base': None}
[2.089s] INFO:colcon.colcon_core.executor:Executing jobs using 'parallel' executor
[2.109s] DEBUG:colcon.colcon_parallel_executor.executor.parallel:run_until_complete
[2.110s] INFO:colcon.colcon_ros.task.ament_cmake.build:Building ROS package in '/home/mtrn/Downloads/MTRN4231_Project/src/custom_interfaces' with build type 'ament_cmake'
[2.110s] INFO:colcon.colcon_cmake.task.cmake.build:Building CMake package in '/home/mtrn/Downloads/MTRN4231_Project/src/custom_interfaces'
[2.134s] INFO:colcon.colcon_core.plugin_system:Skipping extension 'colcon_core.shell.bat': Not used on non-Windows systems
[2.135s] INFO:colcon.colcon_core.shell:Skip shell extension 'powershell' for command environment: Not usable outside of PowerShell
[2.135s] DEBUG:colcon.colcon_core.shell:Skip shell extension 'dsv' for command environment
[2.205s] INFO:colcon.colcon_ros.task.ament_cmake.build:Building ROS package in '/home/mtrn/Downloads/MTRN4231_Project/src/end_effector_description' with build type 'ament_cmake'
[2.206s] INFO:colcon.colcon_cmake.task.cmake.build:Building CMake package in '/home/mtrn/Downloads/MTRN4231_Project/src/end_effector_description'
[2.211s] INFO:colcon.colcon_core.shell:Skip shell extension 'powershell' for command environment: Not usable outside of PowerShell
[2.211s] DEBUG:colcon.colcon_core.shell:Skip shell extension 'dsv' for command environment
[2.270s] INFO:colcon.colcon_ros.task.ament_cmake.build:Building ROS package in '/home/mtrn/Downloads/MTRN4231_Project/src/ur5e_moveit_config_custom' with build type 'ament_cmake'
[2.271s] INFO:colcon.colcon_cmake.task.cmake.build:Building CMake package in '/home/mtrn/Downloads/MTRN4231_Project/src/ur5e_moveit_config_custom'
[2.278s] INFO:colcon.colcon_core.shell:Skip shell extension 'powershell' for command environment: Not usable outside of PowerShell
[2.278s] DEBUG:colcon.colcon_core.shell:Skip shell extension 'dsv' for command environment
[2.328s] DEBUG:colcon.colcon_core.event_handler.log_command:Invoking command in '/home/mtrn/Downloads/MTRN4231_Project/build/custom_interfaces': CMAKE_PREFIX_PATH=${CMAKE_PREFIX_PATH}:/home/mtrn/4231/ws_moveit2/install/moveit_configs_utils:/home/mtrn/4231/ws_moveit2/install/launch_param_builder:/opt/ros/humble /usr/bin/cmake /home/mtrn/Downloads/MTRN4231_Project/src/custom_interfaces -DCMAKE_INSTALL_PREFIX=/home/mtrn/Downloads/MTRN4231_Project/install/custom_interfaces
[2.369s] DEBUG:colcon.colcon_core.event_handler.log_command:Invoking command in '/home/mtrn/Downloads/MTRN4231_Project/build/end_effector_description': CMAKE_PREFIX_PATH=${CMAKE_PREFIX_PATH}:/home/mtrn/4231/ws_moveit2/install/moveit_configs_utils:/home/mtrn/4231/ws_moveit2/install/launch_param_builder:/opt/ros/humble /usr/bin/cmake /home/mtrn/Downloads/MTRN4231_Project/src/end_effector_description -DCMAKE_INSTALL_PREFIX=/home/mtrn/Downloads/MTRN4231_Project/install/end_effector_description
[2.444s] DEBUG:colcon.colcon_core.event_handler.log_command:Invoking command in '/home/mtrn/Downloads/MTRN4231_Project/build/ur5e_moveit_config_custom': CMAKE_PREFIX_PATH=${CMAKE_PREFIX_PATH}:/home/mtrn/4231/ws_moveit2/install/moveit_configs_utils:/home/mtrn/4231/ws_moveit2/install/launch_param_builder:/opt/ros/humble /usr/bin/cmake /home/mtrn/Downloads/MTRN4231_Project/src/ur5e_moveit_config_custom -DCMAKE_INSTALL_PREFIX=/home/mtrn/Downloads/MTRN4231_Project/install/ur5e_moveit_config_custom
[9.531s] DEBUG:colcon.colcon_core.event_handler.log_command:Invoked command in '/home/mtrn/Downloads/MTRN4231_Project/build/end_effector_description' returned '0': CMAKE_PREFIX_PATH=${CMAKE_PREFIX_PATH}:/home/mtrn/4231/ws_moveit2/install/moveit_configs_utils:/home/mtrn/4231/ws_moveit2/install/launch_param_builder:/opt/ros/humble /usr/bin/cmake /home/mtrn/Downloads/MTRN4231_Project/src/end_effector_description -DCMAKE_INSTALL_PREFIX=/home/mtrn/Downloads/MTRN4231_Project/install/end_effector_description
[9.548s] DEBUG:colcon.colcon_core.event_handler.log_command:Invoking command in '/home/mtrn/Downloads/MTRN4231_Project/build/end_effector_description': CMAKE_PREFIX_PATH=${CMAKE_PREFIX_PATH}:/home/mtrn/4231/ws_moveit2/install/moveit_configs_utils:/home/mtrn/4231/ws_moveit2/install/launch_param_builder:/opt/ros/humble /usr/bin/cmake --build /home/mtrn/Downloads/MTRN4231_Project/build/end_effector_description -- -j4 -l4
[9.927s] DEBUG:colcon.colcon_core.event_handler.log_command:Invoked command in '/home/mtrn/Downloads/MTRN4231_Project/build/end_effector_description' returned '0': CMAKE_PREFIX_PATH=${CMAKE_PREFIX_PATH}:/home/mtrn/4231/ws_moveit2/install/moveit_configs_utils:/home/mtrn/4231/ws_moveit2/install/launch_param_builder:/opt/ros/humble /usr/bin/cmake --build /home/mtrn/Downloads/MTRN4231_Project/build/end_effector_description -- -j4 -l4
[10.196s] DEBUG:colcon.colcon_core.event_handler.log_command:Invoked command in '/home/mtrn/Downloads/MTRN4231_Project/build/ur5e_moveit_config_custom' returned '0': CMAKE_PREFIX_PATH=${CMAKE_PREFIX_PATH}:/home/mtrn/4231/ws_moveit2/install/moveit_configs_utils:/home/mtrn/4231/ws_moveit2/install/launch_param_builder:/opt/ros/humble /usr/bin/cmake /home/mtrn/Downloads/MTRN4231_Project/src/ur5e_moveit_config_custom -DCMAKE_INSTALL_PREFIX=/home/mtrn/Downloads/MTRN4231_Project/install/ur5e_moveit_config_custom
[10.198s] DEBUG:colcon.colcon_core.event_handler.log_command:Invoking command in '/home/mtrn/Downloads/MTRN4231_Project/build/ur5e_moveit_config_custom': CMAKE_PREFIX_PATH=${CMAKE_PREFIX_PATH}:/home/mtrn/4231/ws_moveit2/install/moveit_configs_utils:/home/mtrn/4231/ws_moveit2/install/launch_param_builder:/opt/ros/humble /usr/bin/cmake --build /home/mtrn/Downloads/MTRN4231_Project/build/ur5e_moveit_config_custom -- -j4 -l4
[10.346s] DEBUG:colcon.colcon_core.event_handler.log_command:Invoking command in '/home/mtrn/Downloads/MTRN4231_Project/build/end_effector_description': CMAKE_PREFIX_PATH=${CMAKE_PREFIX_PATH}:/home/mtrn/4231/ws_moveit2/install/moveit_configs_utils:/home/mtrn/4231/ws_moveit2/install/launch_param_builder:/opt/ros/humble /usr/bin/cmake --install /home/mtrn/Downloads/MTRN4231_Project/build/end_effector_description
[10.572s] Level 1:colcon.colcon_core.environment:create_environment_scripts_only(end_effector_description)
[10.610s] DEBUG:colcon.colcon_core.event_handler.log_command:Invoked command in '/home/mtrn/Downloads/MTRN4231_Project/build/end_effector_description' returned '0': CMAKE_PREFIX_PATH=${CMAKE_PREFIX_PATH}:/home/mtrn/4231/ws_moveit2/install/moveit_configs_utils:/home/mtrn/4231/ws_moveit2/install/launch_param_builder:/opt/ros/humble /usr/bin/cmake --install /home/mtrn/Downloads/MTRN4231_Project/build/end_effector_description
[10.647s] Level 1:colcon.colcon_core.environment:checking '/home/mtrn/Downloads/MTRN4231_Project/install/end_effector_description' for CMake module files
[10.648s] Level 1:colcon.colcon_core.environment:checking '/home/mtrn/Downloads/MTRN4231_Project/install/end_effector_description' for CMake config files
[10.649s] Level 1:colcon.colcon_core.shell:create_environment_hook('end_effector_description', 'cmake_prefix_path')
[10.671s] INFO:colcon.colcon_core.shell:Creating environment hook '/home/mtrn/Downloads/MTRN4231_Project/install/end_effector_description/share/end_effector_description/hook/cmake_prefix_path.ps1'
[10.672s] INFO:colcon.colcon_core.shell:Creating environment descriptor '/home/mtrn/Downloads/MTRN4231_Project/install/end_effector_description/share/end_effector_description/hook/cmake_prefix_path.dsv'
[10.672s] INFO:colcon.colcon_core.shell:Creating environment hook '/home/mtrn/Downloads/MTRN4231_Project/install/end_effector_description/share/end_effector_description/hook/cmake_prefix_path.sh'
[10.674s] Level 1:colcon.colcon_core.environment:checking '/home/mtrn/Downloads/MTRN4231_Project/install/end_effector_description/bin'
[10.674s] Level 1:colcon.colcon_core.environment:checking '/home/mtrn/Downloads/MTRN4231_Project/install/end_effector_description/lib/pkgconfig/end_effector_description.pc'
[10.674s] Level 1:colcon.colcon_core.environment:checking '/home/mtrn/Downloads/MTRN4231_Project/install/end_effector_description/lib/python3.10/site-packages'
[10.675s] Level 1:colcon.colcon_core.environment:checking '/home/mtrn/Downloads/MTRN4231_Project/install/end_effector_description/bin'
[10.793s] INFO:colcon.colcon_core.shell:Creating package script '/home/mtrn/Downloads/MTRN4231_Project/install/end_effector_description/share/end_effector_description/package.ps1'
[10.794s] INFO:colcon.colcon_core.shell:Creating package descriptor '/home/mtrn/Downloads/MTRN4231_Project/install/end_effector_description/share/end_effector_description/package.dsv'
[10.796s] INFO:colcon.colcon_core.shell:Creating package script '/home/mtrn/Downloads/MTRN4231_Project/install/end_effector_description/share/end_effector_description/package.sh'
[10.797s] INFO:colcon.colcon_core.shell:Creating package script '/home/mtrn/Downloads/MTRN4231_Project/install/end_effector_description/share/end_effector_description/package.bash'
[10.798s] INFO:colcon.colcon_core.shell:Creating package script '/home/mtrn/Downloads/MTRN4231_Project/install/end_effector_description/share/end_effector_description/package.zsh'
[10.798s] Level 1:colcon.colcon_core.environment:create_file_with_runtime_dependencies(/home/mtrn/Downloads/MTRN4231_Project/install/end_effector_description/share/colcon-core/packages/end_effector_description)
[11.276s] Level 1:colcon.colcon_core.environment:create_environment_scripts_only(end_effector_description)
[11.284s] Level 1:colcon.colcon_core.environment:checking '/home/mtrn/Downloads/MTRN4231_Project/install/end_effector_description' for CMake module files
[11.285s] Level 1:colcon.colcon_core.environment:checking '/home/mtrn/Downloads/MTRN4231_Project/install/end_effector_description' for CMake config files
[11.285s] Level 1:colcon.colcon_core.shell:create_environment_hook('end_effector_description', 'cmake_prefix_path')
[11.292s] INFO:colcon.colcon_core.shell:Creating environment hook '/home/mtrn/Downloads/MTRN4231_Project/install/end_effector_description/share/end_effector_description/hook/cmake_prefix_path.ps1'
[11.293s] INFO:colcon.colcon_core.shell:Creating environment descriptor '/home/mtrn/Downloads/MTRN4231_Project/install/end_effector_description/share/end_effector_description/hook/cmake_prefix_path.dsv'
[11.294s] INFO:colcon.colcon_core.shell:Creating environment hook '/home/mtrn/Downloads/MTRN4231_Project/install/end_effector_description/share/end_effector_description/hook/cmake_prefix_path.sh'
[11.295s] Level 1:colcon.colcon_core.environment:checking '/home/mtrn/Downloads/MTRN4231_Project/install/end_effector_description/bin'
[11.295s] Level 1:colcon.colcon_core.environment:checking '/home/mtrn/Downloads/MTRN4231_Project/install/end_effector_description/lib/pkgconfig/end_effector_description.pc'
[11.296s] Level 1:colcon.colcon_core.environment:checking '/home/mtrn/Downloads/MTRN4231_Project/install/end_effector_description/lib/python3.10/site-packages'
[11.296s] Level 1:colcon.colcon_core.environment:checking '/home/mtrn/Downloads/MTRN4231_Project/install/end_effector_description/bin'
[11.304s] INFO:colcon.colcon_core.shell:Creating package script '/home/mtrn/Downloads/MTRN4231_Project/install/end_effector_description/share/end_effector_description/package.ps1'
[11.306s] INFO:colcon.colcon_core.shell:Creating package descriptor '/home/mtrn/Downloads/MTRN4231_Project/install/end_effector_description/share/end_effector_description/package.dsv'
[11.307s] INFO:colcon.colcon_core.shell:Creating package script '/home/mtrn/Downloads/MTRN4231_Project/install/end_effector_description/share/end_effector_description/package.sh'
[11.308s] INFO:colcon.colcon_core.shell:Creating package script '/home/mtrn/Downloads/MTRN4231_Project/install/end_effector_description/share/end_effector_description/package.bash'
[11.309s] INFO:colcon.colcon_core.shell:Creating package script '/home/mtrn/Downloads/MTRN4231_Project/install/end_effector_description/share/end_effector_description/package.zsh'
[11.309s] Level 1:colcon.colcon_core.environment:create_file_with_runtime_dependencies(/home/mtrn/Downloads/MTRN4231_Project/install/end_effector_description/share/colcon-core/packages/end_effector_description)
[11.310s] INFO:colcon.colcon_ros.task.ament_cmake.build:Building ROS package in '/home/mtrn/Downloads/MTRN4231_Project/src/ur5e_custom_description' with build type 'ament_cmake'
[11.311s] INFO:colcon.colcon_cmake.task.cmake.build:Building CMake package in '/home/mtrn/Downloads/MTRN4231_Project/src/ur5e_custom_description'
[11.316s] INFO:colcon.colcon_core.shell:Skip shell extension 'powershell' for command environment: Not usable outside of PowerShell
[11.317s] DEBUG:colcon.colcon_core.shell:Skip shell extension 'dsv' for command environment
[11.483s] DEBUG:colcon.colcon_core.event_handler.log_command:Invoking command in '/home/mtrn/Downloads/MTRN4231_Project/build/ur5e_custom_description': AMENT_PREFIX_PATH=/home/mtrn/Downloads/MTRN4231_Project/install/end_effector_description:${AMENT_PREFIX_PATH} CMAKE_PREFIX_PATH=/home/mtrn/Downloads/MTRN4231_Project/install/end_effector_description:/home/mtrn/4231/ros_ur_driver/install/ur:/home/mtrn/4231/ros_ur_driver/install/ur_calibration:/home/mtrn/4231/ros_ur_driver/install/ur_robot_driver:/home/mtrn/4231/ros_ur_driver/install/ur_moveit_config:/home/mtrn/4231/ros_ur_driver/install/ur_bringup:/home/mtrn/4231/ros_ur_driver/install/ur_controllers:/home/mtrn/4231/ros_ur_driver/install/ur_dashboard_msgs:/home/mtrn/4231/ws_moveit2/install/pilz_industrial_motion_planner_testutils:/home/mtrn/4231/ws_moveit2/install/moveit_runtime:/home/mtrn/4231/ws_moveit2/install/moveit2_tutorials:/home/mtrn/4231/ws_moveit2/install/moveit:/home/mtrn/4231/ws_moveit2/install/moveit_planners:/home/mtrn/4231/ws_moveit2/install/pilz_industrial_motion_planner:/home/mtrn/4231/ws_moveit2/install/moveit_visual_tools:/home/mtrn/4231/ws_moveit2/install/moveit_task_constructor_visualization:/home/mtrn/4231/ws_moveit2/install/moveit_task_constructor_demo:/home/mtrn/4231/ws_moveit2/install/moveit_task_constructor_capabilities:/home/mtrn/4231/ws_moveit2/install/moveit_task_constructor_core:/home/mtrn/4231/ws_moveit2/install/moveit_ros_control_interface:/home/mtrn/4231/ws_moveit2/install/moveit_plugins:/home/mtrn/4231/ws_moveit2/install/moveit_simple_controller_manager:/home/mtrn/4231/ws_moveit2/install/moveit_setup_assistant:/home/mtrn/4231/ws_moveit2/install/moveit_setup_srdf_plugins:/home/mtrn/4231/ws_moveit2/install/moveit_setup_core_plugins:/home/mtrn/4231/ws_moveit2/install/moveit_setup_controllers:/home/mtrn/4231/ws_moveit2/install/moveit_setup_app_plugins:/home/mtrn/4231/ws_moveit2/install/moveit_setup_framework:/home/mtrn/4231/ws_moveit2/install/moveit_servo:/home/mtrn/4231/ws_moveit2/install/moveit_ros:/home/mtrn/4231/ws_moveit2/install/moveit_ros_visualization:/home/mtrn/4231/ws_moveit2/install/moveit_hybrid_planning:/home/mtrn/4231/ws_moveit2/install/moveit_ros_planning_interface:/home/mtrn/4231/ws_moveit2/install/moveit_ros_benchmarks:/home/mtrn/4231/ws_moveit2/install/moveit_ros_warehouse:/home/mtrn/4231/ws_moveit2/install/moveit_ros_robot_interaction:/home/mtrn/4231/ws_moveit2/install/moveit_ros_perception:/home/mtrn/4231/ws_moveit2/install/moveit_resources_prbt_pg70_support:/home/mtrn/4231/ws_moveit2/install/moveit_resources_prbt_moveit_config:/home/mtrn/4231/ws_moveit2/install/moveit_ros_move_group:/home/mtrn/4231/ws_moveit2/install/moveit_planners_ompl:/home/mtrn/4231/ws_moveit2/install/moveit_ros_planning:/home/mtrn/4231/ws_moveit2/install/moveit_ros_occupancy_map_monitor:/home/mtrn/4231/ws_moveit2/install/moveit_resources_prbt_ikfast_manipulator_plugin:/home/mtrn/4231/ws_moveit2/install/moveit_planners_chomp:/home/mtrn/4231/ws_moveit2/install/moveit_kinematics:/home/mtrn/4231/ws_moveit2/install/moveit_chomp_optimizer_adapter:/home/mtrn/4231/ws_moveit2/install/chomp_motion_planner:/home/mtrn/4231/ws_moveit2/install/moveit_core:/home/mtrn/4231/ws_moveit2/install/srdfdom:/home/mtrn/4231/ws_moveit2/install/rviz_marker_tools:/home/mtrn/4231/ws_moveit2/install/rosparam_shortcuts:/home/mtrn/4231/ws_moveit2/install/moveit_task_constructor_msgs:/home/mtrn/4231/ws_moveit2/install/moveit_resources_prbt_support:/home/mtrn/4231/ws_moveit2/install/moveit_resources:/home/mtrn/4231/ws_moveit2/install/moveit_resources_pr2_description:/home/mtrn/4231/ws_moveit2/install/moveit_resources_panda_moveit_config:/home/mtrn/4231/ws_moveit2/install/moveit_resources_panda_description:/home/mtrn/4231/ws_moveit2/install/moveit_resources_fanuc_moveit_config:/home/mtrn/4231/ws_moveit2/install/moveit_resources_fanuc_description:/home/mtrn/4231/ws_moveit2/install/moveit_common:/home/mtrn/4231/ws_moveit2/install/moveit_configs_utils:/home/mtrn/4231/ws_moveit2/install/launch_param_builder:/opt/ros/humble /usr/bin/cmake /home/mtrn/Downloads/MTRN4231_Project/src/ur5e_custom_description -DCMAKE_INSTALL_PREFIX=/home/mtrn/Downloads/MTRN4231_Project/install/ur5e_custom_description
[12.346s] DEBUG:colcon.colcon_core.event_handler.log_command:Invoked command in '/home/mtrn/Downloads/MTRN4231_Project/build/ur5e_moveit_config_custom' returned '0': CMAKE_PREFIX_PATH=${CMAKE_PREFIX_PATH}:/home/mtrn/4231/ws_moveit2/install/moveit_configs_utils:/home/mtrn/4231/ws_moveit2/install/launch_param_builder:/opt/ros/humble /usr/bin/cmake --build /home/mtrn/Downloads/MTRN4231_Project/build/ur5e_moveit_config_custom -- -j4 -l4
[12.774s] DEBUG:colcon.colcon_core.event_handler.log_command:Invoking command in '/home/mtrn/Downloads/MTRN4231_Project/build/ur5e_moveit_config_custom': CMAKE_PREFIX_PATH=${CMAKE_PREFIX_PATH}:/home/mtrn/4231/ws_moveit2/install/moveit_configs_utils:/home/mtrn/4231/ws_moveit2/install/launch_param_builder:/opt/ros/humble /usr/bin/cmake --install /home/mtrn/Downloads/MTRN4231_Project/build/ur5e_moveit_config_custom
[13.301s] Level 1:colcon.colcon_core.environment:create_environment_scripts_only(ur5e_moveit_config_custom)
[13.323s] DEBUG:colcon.colcon_core.event_handler.log_command:Invoked command in '/home/mtrn/Downloads/MTRN4231_Project/build/ur5e_moveit_config_custom' returned '0': CMAKE_PREFIX_PATH=${CMAKE_PREFIX_PATH}:/home/mtrn/4231/ws_moveit2/install/moveit_configs_utils:/home/mtrn/4231/ws_moveit2/install/launch_param_builder:/opt/ros/humble /usr/bin/cmake --install /home/mtrn/Downloads/MTRN4231_Project/build/ur5e_moveit_config_custom
[13.341s] Level 1:colcon.colcon_core.environment:checking '/home/mtrn/Downloads/MTRN4231_Project/install/ur5e_moveit_config_custom' for CMake module files
[13.342s] Level 1:colcon.colcon_core.environment:checking '/home/mtrn/Downloads/MTRN4231_Project/install/ur5e_moveit_config_custom' for CMake config files
[13.342s] Level 1:colcon.colcon_core.shell:create_environment_hook('ur5e_moveit_config_custom', 'cmake_prefix_path')
[13.348s] INFO:colcon.colcon_core.shell:Creating environment hook '/home/mtrn/Downloads/MTRN4231_Project/install/ur5e_moveit_config_custom/share/ur5e_moveit_config_custom/hook/cmake_prefix_path.ps1'
[13.348s] INFO:colcon.colcon_core.shell:Creating environment descriptor '/home/mtrn/Downloads/MTRN4231_Project/install/ur5e_moveit_config_custom/share/ur5e_moveit_config_custom/hook/cmake_prefix_path.dsv'
[13.349s] INFO:colcon.colcon_core.shell:Creating environment hook '/home/mtrn/Downloads/MTRN4231_Project/install/ur5e_moveit_config_custom/share/ur5e_moveit_config_custom/hook/cmake_prefix_path.sh'
[13.350s] Level 1:colcon.colcon_core.environment:checking '/home/mtrn/Downloads/MTRN4231_Project/install/ur5e_moveit_config_custom/bin'
[13.350s] Level 1:colcon.colcon_core.environment:checking '/home/mtrn/Downloads/MTRN4231_Project/install/ur5e_moveit_config_custom/lib/pkgconfig/ur5e_moveit_config_custom.pc'
[13.351s] Level 1:colcon.colcon_core.environment:checking '/home/mtrn/Downloads/MTRN4231_Project/install/ur5e_moveit_config_custom/lib/python3.10/site-packages'
[13.351s] Level 1:colcon.colcon_core.environment:checking '/home/mtrn/Downloads/MTRN4231_Project/install/ur5e_moveit_config_custom/bin'
[13.357s] INFO:colcon.colcon_core.shell:Creating package script '/home/mtrn/Downloads/MTRN4231_Project/install/ur5e_moveit_config_custom/share/ur5e_moveit_config_custom/package.ps1'
[13.358s] INFO:colcon.colcon_core.shell:Creating package descriptor '/home/mtrn/Downloads/MTRN4231_Project/install/ur5e_moveit_config_custom/share/ur5e_moveit_config_custom/package.dsv'
[13.359s] INFO:colcon.colcon_core.shell:Creating package script '/home/mtrn/Downloads/MTRN4231_Project/install/ur5e_moveit_config_custom/share/ur5e_moveit_config_custom/package.sh'
[13.365s] INFO:colcon.colcon_core.shell:Creating package script '/home/mtrn/Downloads/MTRN4231_Project/install/ur5e_moveit_config_custom/share/ur5e_moveit_config_custom/package.bash'
[13.368s] INFO:colcon.colcon_core.shell:Creating package script '/home/mtrn/Downloads/MTRN4231_Project/install/ur5e_moveit_config_custom/share/ur5e_moveit_config_custom/package.zsh'
[13.371s] Level 1:colcon.colcon_core.environment:create_file_with_runtime_dependencies(/home/mtrn/Downloads/MTRN4231_Project/install/ur5e_moveit_config_custom/share/colcon-core/packages/ur5e_moveit_config_custom)
[13.737s] Level 1:colcon.colcon_core.environment:create_environment_scripts_only(ur5e_moveit_config_custom)
[13.758s] Level 1:colcon.colcon_core.environment:checking '/home/mtrn/Downloads/MTRN4231_Project/install/ur5e_moveit_config_custom' for CMake module files
[13.769s] Level 1:colcon.colcon_core.environment:checking '/home/mtrn/Downloads/MTRN4231_Project/install/ur5e_moveit_config_custom' for CMake config files
[13.777s] Level 1:colcon.colcon_core.shell:create_environment_hook('ur5e_moveit_config_custom', 'cmake_prefix_path')
[13.805s] INFO:colcon.colcon_core.shell:Creating environment hook '/home/mtrn/Downloads/MTRN4231_Project/install/ur5e_moveit_config_custom/share/ur5e_moveit_config_custom/hook/cmake_prefix_path.ps1'
[13.806s] INFO:colcon.colcon_core.shell:Creating environment descriptor '/home/mtrn/Downloads/MTRN4231_Project/install/ur5e_moveit_config_custom/share/ur5e_moveit_config_custom/hook/cmake_prefix_path.dsv'
[13.826s] INFO:colcon.colcon_core.shell:Creating environment hook '/home/mtrn/Downloads/MTRN4231_Project/install/ur5e_moveit_config_custom/share/ur5e_moveit_config_custom/hook/cmake_prefix_path.sh'
[13.836s] Level 1:colcon.colcon_core.environment:checking '/home/mtrn/Downloads/MTRN4231_Project/install/ur5e_moveit_config_custom/bin'
[13.836s] Level 1:colcon.colcon_core.environment:checking '/home/mtrn/Downloads/MTRN4231_Project/install/ur5e_moveit_config_custom/lib/pkgconfig/ur5e_moveit_config_custom.pc'
[13.837s] Level 1:colcon.colcon_core.environment:checking '/home/mtrn/Downloads/MTRN4231_Project/install/ur5e_moveit_config_custom/lib/python3.10/site-packages'
[13.837s] Level 1:colcon.colcon_core.environment:checking '/home/mtrn/Downloads/MTRN4231_Project/install/ur5e_moveit_config_custom/bin'
[13.843s] INFO:colcon.colcon_core.shell:Creating package script '/home/mtrn/Downloads/MTRN4231_Project/install/ur5e_moveit_config_custom/share/ur5e_moveit_config_custom/package.ps1'
[13.845s] INFO:colcon.colcon_core.shell:Creating package descriptor '/home/mtrn/Downloads/MTRN4231_Project/install/ur5e_moveit_config_custom/share/ur5e_moveit_config_custom/package.dsv'
[13.851s] INFO:colcon.colcon_core.shell:Creating package script '/home/mtrn/Downloads/MTRN4231_Project/install/ur5e_moveit_config_custom/share/ur5e_moveit_config_custom/package.sh'
[13.855s] INFO:colcon.colcon_core.shell:Creating package script '/home/mtrn/Downloads/MTRN4231_Project/install/ur5e_moveit_config_custom/share/ur5e_moveit_config_custom/package.bash'
[13.859s] INFO:colcon.colcon_core.shell:Creating package script '/home/mtrn/Downloads/MTRN4231_Project/install/ur5e_moveit_config_custom/share/ur5e_moveit_config_custom/package.zsh'
[13.862s] Level 1:colcon.colcon_core.environment:create_file_with_runtime_dependencies(/home/mtrn/Downloads/MTRN4231_Project/install/ur5e_moveit_config_custom/share/colcon-core/packages/ur5e_moveit_config_custom)
[19.444s] DEBUG:colcon.colcon_core.event_handler.log_command:Invoked command in '/home/mtrn/Downloads/MTRN4231_Project/build/custom_interfaces' returned '0': CMAKE_PREFIX_PATH=${CMAKE_PREFIX_PATH}:/home/mtrn/4231/ws_moveit2/install/moveit_configs_utils:/home/mtrn/4231/ws_moveit2/install/launch_param_builder:/opt/ros/humble /usr/bin/cmake /home/mtrn/Downloads/MTRN4231_Project/src/custom_interfaces -DCMAKE_INSTALL_PREFIX=/home/mtrn/Downloads/MTRN4231_Project/install/custom_interfaces
[19.449s] DEBUG:colcon.colcon_core.event_handler.log_command:Invoking command in '/home/mtrn/Downloads/MTRN4231_Project/build/custom_interfaces': CMAKE_PREFIX_PATH=${CMAKE_PREFIX_PATH}:/home/mtrn/4231/ws_moveit2/install/moveit_configs_utils:/home/mtrn/4231/ws_moveit2/install/launch_param_builder:/opt/ros/humble /usr/bin/cmake --build /home/mtrn/Downloads/MTRN4231_Project/build/custom_interfaces -- -j4 -l4
[48.237s] DEBUG:colcon.colcon_core.event_handler.log_command:Invoked command in '/home/mtrn/Downloads/MTRN4231_Project/build/ur5e_custom_description' returned '0': AMENT_PREFIX_PATH=/home/mtrn/Downloads/MTRN4231_Project/install/end_effector_description:${AMENT_PREFIX_PATH} CMAKE_PREFIX_PATH=/home/mtrn/Downloads/MTRN4231_Project/install/end_effector_description:/home/mtrn/4231/ros_ur_driver/install/ur:/home/mtrn/4231/ros_ur_driver/install/ur_calibration:/home/mtrn/4231/ros_ur_driver/install/ur_robot_driver:/home/mtrn/4231/ros_ur_driver/install/ur_moveit_config:/home/mtrn/4231/ros_ur_driver/install/ur_bringup:/home/mtrn/4231/ros_ur_driver/install/ur_controllers:/home/mtrn/4231/ros_ur_driver/install/ur_dashboard_msgs:/home/mtrn/4231/ws_moveit2/install/pilz_industrial_motion_planner_testutils:/home/mtrn/4231/ws_moveit2/install/moveit_runtime:/home/mtrn/4231/ws_moveit2/install/moveit2_tutorials:/home/mtrn/4231/ws_moveit2/install/moveit:/home/mtrn/4231/ws_moveit2/install/moveit_planners:/home/mtrn/4231/ws_moveit2/install/pilz_industrial_motion_planner:/home/mtrn/4231/ws_moveit2/install/moveit_visual_tools:/home/mtrn/4231/ws_moveit2/install/moveit_task_constructor_visualization:/home/mtrn/4231/ws_moveit2/install/moveit_task_constructor_demo:/home/mtrn/4231/ws_moveit2/install/moveit_task_constructor_capabilities:/home/mtrn/4231/ws_moveit2/install/moveit_task_constructor_core:/home/mtrn/4231/ws_moveit2/install/moveit_ros_control_interface:/home/mtrn/4231/ws_moveit2/install/moveit_plugins:/home/mtrn/4231/ws_moveit2/install/moveit_simple_controller_manager:/home/mtrn/4231/ws_moveit2/install/moveit_setup_assistant:/home/mtrn/4231/ws_moveit2/install/moveit_setup_srdf_plugins:/home/mtrn/4231/ws_moveit2/install/moveit_setup_core_plugins:/home/mtrn/4231/ws_moveit2/install/moveit_setup_controllers:/home/mtrn/4231/ws_moveit2/install/moveit_setup_app_plugins:/home/mtrn/4231/ws_moveit2/install/moveit_setup_framework:/home/mtrn/4231/ws_moveit2/install/moveit_servo:/home/mtrn/4231/ws_moveit2/install/moveit_ros:/home/mtrn/4231/ws_moveit2/install/moveit_ros_visualization:/home/mtrn/4231/ws_moveit2/install/moveit_hybrid_planning:/home/mtrn/4231/ws_moveit2/install/moveit_ros_planning_interface:/home/mtrn/4231/ws_moveit2/install/moveit_ros_benchmarks:/home/mtrn/4231/ws_moveit2/install/moveit_ros_warehouse:/home/mtrn/4231/ws_moveit2/install/moveit_ros_robot_interaction:/home/mtrn/4231/ws_moveit2/install/moveit_ros_perception:/home/mtrn/4231/ws_moveit2/install/moveit_resources_prbt_pg70_support:/home/mtrn/4231/ws_moveit2/install/moveit_resources_prbt_moveit_config:/home/mtrn/4231/ws_moveit2/install/moveit_ros_move_group:/home/mtrn/4231/ws_moveit2/install/moveit_planners_ompl:/home/mtrn/4231/ws_moveit2/install/moveit_ros_planning:/home/mtrn/4231/ws_moveit2/install/moveit_ros_occupancy_map_monitor:/home/mtrn/4231/ws_moveit2/install/moveit_resources_prbt_ikfast_manipulator_plugin:/home/mtrn/4231/ws_moveit2/install/moveit_planners_chomp:/home/mtrn/4231/ws_moveit2/install/moveit_kinematics:/home/mtrn/4231/ws_moveit2/install/moveit_chomp_optimizer_adapter:/home/mtrn/4231/ws_moveit2/install/chomp_motion_planner:/home/mtrn/4231/ws_moveit2/install/moveit_core:/home/mtrn/4231/ws_moveit2/install/srdfdom:/home/mtrn/4231/ws_moveit2/install/rviz_marker_tools:/home/mtrn/4231/ws_moveit2/install/rosparam_shortcuts:/home/mtrn/4231/ws_moveit2/install/moveit_task_constructor_msgs:/home/mtrn/4231/ws_moveit2/install/moveit_resources_prbt_support:/home/mtrn/4231/ws_moveit2/install/moveit_resources:/home/mtrn/4231/ws_moveit2/install/moveit_resources_pr2_description:/home/mtrn/4231/ws_moveit2/install/moveit_resources_panda_moveit_config:/home/mtrn/4231/ws_moveit2/install/moveit_resources_panda_description:/home/mtrn/4231/ws_moveit2/install/moveit_resources_fanuc_moveit_config:/home/mtrn/4231/ws_moveit2/install/moveit_resources_fanuc_description:/home/mtrn/4231/ws_moveit2/install/moveit_common:/home/mtrn/4231/ws_moveit2/install/moveit_configs_utils:/home/mtrn/4231/ws_moveit2/install/launch_param_builder:/opt/ros/humble /usr/bin/cmake /home/mtrn/Downloads/MTRN4231_Project/src/ur5e_custom_description -DCMAKE_INSTALL_PREFIX=/home/mtrn/Downloads/MTRN4231_Project/install/ur5e_custom_description
[48.243s] DEBUG:colcon.colcon_core.event_handler.log_command:Invoking command in '/home/mtrn/Downloads/MTRN4231_Project/build/ur5e_custom_description': AMENT_PREFIX_PATH=/home/mtrn/Downloads/MTRN4231_Project/install/end_effector_description:${AMENT_PREFIX_PATH} CMAKE_PREFIX_PATH=/home/mtrn/Downloads/MTRN4231_Project/install/end_effector_description:/home/mtrn/4231/ros_ur_driver/install/ur:/home/mtrn/4231/ros_ur_driver/install/ur_calibration:/home/mtrn/4231/ros_ur_driver/install/ur_robot_driver:/home/mtrn/4231/ros_ur_driver/install/ur_moveit_config:/home/mtrn/4231/ros_ur_driver/install/ur_bringup:/home/mtrn/4231/ros_ur_driver/install/ur_controllers:/home/mtrn/4231/ros_ur_driver/install/ur_dashboard_msgs:/home/mtrn/4231/ws_moveit2/install/pilz_industrial_motion_planner_testutils:/home/mtrn/4231/ws_moveit2/install/moveit_runtime:/home/mtrn/4231/ws_moveit2/install/moveit2_tutorials:/home/mtrn/4231/ws_moveit2/install/moveit:/home/mtrn/4231/ws_moveit2/install/moveit_planners:/home/mtrn/4231/ws_moveit2/install/pilz_industrial_motion_planner:/home/mtrn/4231/ws_moveit2/install/moveit_visual_tools:/home/mtrn/4231/ws_moveit2/install/moveit_task_constructor_visualization:/home/mtrn/4231/ws_moveit2/install/moveit_task_constructor_demo:/home/mtrn/4231/ws_moveit2/install/moveit_task_constructor_capabilities:/home/mtrn/4231/ws_moveit2/install/moveit_task_constructor_core:/home/mtrn/4231/ws_moveit2/install/moveit_ros_control_interface:/home/mtrn/4231/ws_moveit2/install/moveit_plugins:/home/mtrn/4231/ws_moveit2/install/moveit_simple_controller_manager:/home/mtrn/4231/ws_moveit2/install/moveit_setup_assistant:/home/mtrn/4231/ws_moveit2/install/moveit_setup_srdf_plugins:/home/mtrn/4231/ws_moveit2/install/moveit_setup_core_plugins:/home/mtrn/4231/ws_moveit2/install/moveit_setup_controllers:/home/mtrn/4231/ws_moveit2/install/moveit_setup_app_plugins:/home/mtrn/4231/ws_moveit2/install/moveit_setup_framework:/home/mtrn/4231/ws_moveit2/install/moveit_servo:/home/mtrn/4231/ws_moveit2/install/moveit_ros:/home/mtrn/4231/ws_moveit2/install/moveit_ros_visualization:/home/mtrn/4231/ws_moveit2/install/moveit_hybrid_planning:/home/mtrn/4231/ws_moveit2/install/moveit_ros_planning_interface:/home/mtrn/4231/ws_moveit2/install/moveit_ros_benchmarks:/home/mtrn/4231/ws_moveit2/install/moveit_ros_warehouse:/home/mtrn/4231/ws_moveit2/install/moveit_ros_robot_interaction:/home/mtrn/4231/ws_moveit2/install/moveit_ros_perception:/home/mtrn/4231/ws_moveit2/install/moveit_resources_prbt_pg70_support:/home/mtrn/4231/ws_moveit2/install/moveit_resources_prbt_moveit_config:/home/mtrn/4231/ws_moveit2/install/moveit_ros_move_group:/home/mtrn/4231/ws_moveit2/install/moveit_planners_ompl:/home/mtrn/4231/ws_moveit2/install/moveit_ros_planning:/home/mtrn/4231/ws_moveit2/install/moveit_ros_occupancy_map_monitor:/home/mtrn/4231/ws_moveit2/install/moveit_resources_prbt_ikfast_manipulator_plugin:/home/mtrn/4231/ws_moveit2/install/moveit_planners_chomp:/home/mtrn/4231/ws_moveit2/install/moveit_kinematics:/home/mtrn/4231/ws_moveit2/install/moveit_chomp_optimizer_adapter:/home/mtrn/4231/ws_moveit2/install/chomp_motion_planner:/home/mtrn/4231/ws_moveit2/install/moveit_core:/home/mtrn/4231/ws_moveit2/install/srdfdom:/home/mtrn/4231/ws_moveit2/install/rviz_marker_tools:/home/mtrn/4231/ws_moveit2/install/rosparam_shortcuts:/home/mtrn/4231/ws_moveit2/install/moveit_task_constructor_msgs:/home/mtrn/4231/ws_moveit2/install/moveit_resources_prbt_support:/home/mtrn/4231/ws_moveit2/install/moveit_resources:/home/mtrn/4231/ws_moveit2/install/moveit_resources_pr2_description:/home/mtrn/4231/ws_moveit2/install/moveit_resources_panda_moveit_config:/home/mtrn/4231/ws_moveit2/install/moveit_resources_panda_description:/home/mtrn/4231/ws_moveit2/install/moveit_resources_fanuc_moveit_config:/home/mtrn/4231/ws_moveit2/install/moveit_resources_fanuc_description:/home/mtrn/4231/ws_moveit2/install/moveit_common:/home/mtrn/4231/ws_moveit2/install/moveit_configs_utils:/home/mtrn/4231/ws_moveit2/install/launch_param_builder:/opt/ros/humble /usr/bin/cmake --build /home/mtrn/Downloads/MTRN4231_Project/build/ur5e_custom_description -- -j4 -l4
[48.509s] DEBUG:colcon.colcon_core.event_handler.log_command:Invoked command in '/home/mtrn/Downloads/MTRN4231_Project/build/ur5e_custom_description' returned '0': AMENT_PREFIX_PATH=/home/mtrn/Downloads/MTRN4231_Project/install/end_effector_description:${AMENT_PREFIX_PATH} CMAKE_PREFIX_PATH=/home/mtrn/Downloads/MTRN4231_Project/install/end_effector_description:/home/mtrn/4231/ros_ur_driver/install/ur:/home/mtrn/4231/ros_ur_driver/install/ur_calibration:/home/mtrn/4231/ros_ur_driver/install/ur_robot_driver:/home/mtrn/4231/ros_ur_driver/install/ur_moveit_config:/home/mtrn/4231/ros_ur_driver/install/ur_bringup:/home/mtrn/4231/ros_ur_driver/install/ur_controllers:/home/mtrn/4231/ros_ur_driver/install/ur_dashboard_msgs:/home/mtrn/4231/ws_moveit2/install/pilz_industrial_motion_planner_testutils:/home/mtrn/4231/ws_moveit2/install/moveit_runtime:/home/mtrn/4231/ws_moveit2/install/moveit2_tutorials:/home/mtrn/4231/ws_moveit2/install/moveit:/home/mtrn/4231/ws_moveit2/install/moveit_planners:/home/mtrn/4231/ws_moveit2/install/pilz_industrial_motion_planner:/home/mtrn/4231/ws_moveit2/install/moveit_visual_tools:/home/mtrn/4231/ws_moveit2/install/moveit_task_constructor_visualization:/home/mtrn/4231/ws_moveit2/install/moveit_task_constructor_demo:/home/mtrn/4231/ws_moveit2/install/moveit_task_constructor_capabilities:/home/mtrn/4231/ws_moveit2/install/moveit_task_constructor_core:/home/mtrn/4231/ws_moveit2/install/moveit_ros_control_interface:/home/mtrn/4231/ws_moveit2/install/moveit_plugins:/home/mtrn/4231/ws_moveit2/install/moveit_simple_controller_manager:/home/mtrn/4231/ws_moveit2/install/moveit_setup_assistant:/home/mtrn/4231/ws_moveit2/install/moveit_setup_srdf_plugins:/home/mtrn/4231/ws_moveit2/install/moveit_setup_core_plugins:/home/mtrn/4231/ws_moveit2/install/moveit_setup_controllers:/home/mtrn/4231/ws_moveit2/install/moveit_setup_app_plugins:/home/mtrn/4231/ws_moveit2/install/moveit_setup_framework:/home/mtrn/4231/ws_moveit2/install/moveit_servo:/home/mtrn/4231/ws_moveit2/install/moveit_ros:/home/mtrn/4231/ws_moveit2/install/moveit_ros_visualization:/home/mtrn/4231/ws_moveit2/install/moveit_hybrid_planning:/home/mtrn/4231/ws_moveit2/install/moveit_ros_planning_interface:/home/mtrn/4231/ws_moveit2/install/moveit_ros_benchmarks:/home/mtrn/4231/ws_moveit2/install/moveit_ros_warehouse:/home/mtrn/4231/ws_moveit2/install/moveit_ros_robot_interaction:/home/mtrn/4231/ws_moveit2/install/moveit_ros_perception:/home/mtrn/4231/ws_moveit2/install/moveit_resources_prbt_pg70_support:/home/mtrn/4231/ws_moveit2/install/moveit_resources_prbt_moveit_config:/home/mtrn/4231/ws_moveit2/install/moveit_ros_move_group:/home/mtrn/4231/ws_moveit2/install/moveit_planners_ompl:/home/mtrn/4231/ws_moveit2/install/moveit_ros_planning:/home/mtrn/4231/ws_moveit2/install/moveit_ros_occupancy_map_monitor:/home/mtrn/4231/ws_moveit2/install/moveit_resources_prbt_ikfast_manipulator_plugin:/home/mtrn/4231/ws_moveit2/install/moveit_planners_chomp:/home/mtrn/4231/ws_moveit2/install/moveit_kinematics:/home/mtrn/4231/ws_moveit2/install/moveit_chomp_optimizer_adapter:/home/mtrn/4231/ws_moveit2/install/chomp_motion_planner:/home/mtrn/4231/ws_moveit2/install/moveit_core:/home/mtrn/4231/ws_moveit2/install/srdfdom:/home/mtrn/4231/ws_moveit2/install/rviz_marker_tools:/home/mtrn/4231/ws_moveit2/install/rosparam_shortcuts:/home/mtrn/4231/ws_moveit2/install/moveit_task_constructor_msgs:/home/mtrn/4231/ws_moveit2/install/moveit_resources_prbt_support:/home/mtrn/4231/ws_moveit2/install/moveit_resources:/home/mtrn/4231/ws_moveit2/install/moveit_resources_pr2_description:/home/mtrn/4231/ws_moveit2/install/moveit_resources_panda_moveit_config:/home/mtrn/4231/ws_moveit2/install/moveit_resources_panda_description:/home/mtrn/4231/ws_moveit2/install/moveit_resources_fanuc_moveit_config:/home/mtrn/4231/ws_moveit2/install/moveit_resources_fanuc_description:/home/mtrn/4231/ws_moveit2/install/moveit_common:/home/mtrn/4231/ws_moveit2/install/moveit_configs_utils:/home/mtrn/4231/ws_moveit2/install/launch_param_builder:/opt/ros/humble /usr/bin/cmake --build /home/mtrn/Downloads/MTRN4231_Project/build/ur5e_custom_description -- -j4 -l4
[48.806s] DEBUG:colcon.colcon_core.event_handler.log_command:Invoking command in '/home/mtrn/Downloads/MTRN4231_Project/build/ur5e_custom_description': AMENT_PREFIX_PATH=/home/mtrn/Downloads/MTRN4231_Project/install/end_effector_description:${AMENT_PREFIX_PATH} CMAKE_PREFIX_PATH=/home/mtrn/Downloads/MTRN4231_Project/install/end_effector_description:/home/mtrn/4231/ros_ur_driver/install/ur:/home/mtrn/4231/ros_ur_driver/install/ur_calibration:/home/mtrn/4231/ros_ur_driver/install/ur_robot_driver:/home/mtrn/4231/ros_ur_driver/install/ur_moveit_config:/home/mtrn/4231/ros_ur_driver/install/ur_bringup:/home/mtrn/4231/ros_ur_driver/install/ur_controllers:/home/mtrn/4231/ros_ur_driver/install/ur_dashboard_msgs:/home/mtrn/4231/ws_moveit2/install/pilz_industrial_motion_planner_testutils:/home/mtrn/4231/ws_moveit2/install/moveit_runtime:/home/mtrn/4231/ws_moveit2/install/moveit2_tutorials:/home/mtrn/4231/ws_moveit2/install/moveit:/home/mtrn/4231/ws_moveit2/install/moveit_planners:/home/mtrn/4231/ws_moveit2/install/pilz_industrial_motion_planner:/home/mtrn/4231/ws_moveit2/install/moveit_visual_tools:/home/mtrn/4231/ws_moveit2/install/moveit_task_constructor_visualization:/home/mtrn/4231/ws_moveit2/install/moveit_task_constructor_demo:/home/mtrn/4231/ws_moveit2/install/moveit_task_constructor_capabilities:/home/mtrn/4231/ws_moveit2/install/moveit_task_constructor_core:/home/mtrn/4231/ws_moveit2/install/moveit_ros_control_interface:/home/mtrn/4231/ws_moveit2/install/moveit_plugins:/home/mtrn/4231/ws_moveit2/install/moveit_simple_controller_manager:/home/mtrn/4231/ws_moveit2/install/moveit_setup_assistant:/home/mtrn/4231/ws_moveit2/install/moveit_setup_srdf_plugins:/home/mtrn/4231/ws_moveit2/install/moveit_setup_core_plugins:/home/mtrn/4231/ws_moveit2/install/moveit_setup_controllers:/home/mtrn/4231/ws_moveit2/install/moveit_setup_app_plugins:/home/mtrn/4231/ws_moveit2/install/moveit_setup_framework:/home/mtrn/4231/ws_moveit2/install/moveit_servo:/home/mtrn/4231/ws_moveit2/install/moveit_ros:/home/mtrn/4231/ws_moveit2/install/moveit_ros_visualization:/home/mtrn/4231/ws_moveit2/install/moveit_hybrid_planning:/home/mtrn/4231/ws_moveit2/install/moveit_ros_planning_interface:/home/mtrn/4231/ws_moveit2/install/moveit_ros_benchmarks:/home/mtrn/4231/ws_moveit2/install/moveit_ros_warehouse:/home/mtrn/4231/ws_moveit2/install/moveit_ros_robot_interaction:/home/mtrn/4231/ws_moveit2/install/moveit_ros_perception:/home/mtrn/4231/ws_moveit2/install/moveit_resources_prbt_pg70_support:/home/mtrn/4231/ws_moveit2/install/moveit_resources_prbt_moveit_config:/home/mtrn/4231/ws_moveit2/install/moveit_ros_move_group:/home/mtrn/4231/ws_moveit2/install/moveit_planners_ompl:/home/mtrn/4231/ws_moveit2/install/moveit_ros_planning:/home/mtrn/4231/ws_moveit2/install/moveit_ros_occupancy_map_monitor:/home/mtrn/4231/ws_moveit2/install/moveit_resources_prbt_ikfast_manipulator_plugin:/home/mtrn/4231/ws_moveit2/install/moveit_planners_chomp:/home/mtrn/4231/ws_moveit2/install/moveit_kinematics:/home/mtrn/4231/ws_moveit2/install/moveit_chomp_optimizer_adapter:/home/mtrn/4231/ws_moveit2/install/chomp_motion_planner:/home/mtrn/4231/ws_moveit2/install/moveit_core:/home/mtrn/4231/ws_moveit2/install/srdfdom:/home/mtrn/4231/ws_moveit2/install/rviz_marker_tools:/home/mtrn/4231/ws_moveit2/install/rosparam_shortcuts:/home/mtrn/4231/ws_moveit2/install/moveit_task_constructor_msgs:/home/mtrn/4231/ws_moveit2/install/moveit_resources_prbt_support:/home/mtrn/4231/ws_moveit2/install/moveit_resources:/home/mtrn/4231/ws_moveit2/install/moveit_resources_pr2_description:/home/mtrn/4231/ws_moveit2/install/moveit_resources_panda_moveit_config:/home/mtrn/4231/ws_moveit2/install/moveit_resources_panda_description:/home/mtrn/4231/ws_moveit2/install/moveit_resources_fanuc_moveit_config:/home/mtrn/4231/ws_moveit2/install/moveit_resources_fanuc_description:/home/mtrn/4231/ws_moveit2/install/moveit_common:/home/mtrn/4231/ws_moveit2/install/moveit_configs_utils:/home/mtrn/4231/ws_moveit2/install/launch_param_builder:/opt/ros/humble /usr/bin/cmake --install /home/mtrn/Downloads/MTRN4231_Project/build/ur5e_custom_description
[48.886s] Level 1:colcon.colcon_core.environment:create_environment_scripts_only(ur5e_custom_description)
[48.887s] DEBUG:colcon.colcon_core.event_handler.log_command:Invoked command in '/home/mtrn/Downloads/MTRN4231_Project/build/ur5e_custom_description' returned '0': AMENT_PREFIX_PATH=/home/mtrn/Downloads/MTRN4231_Project/install/end_effector_description:${AMENT_PREFIX_PATH} CMAKE_PREFIX_PATH=/home/mtrn/Downloads/MTRN4231_Project/install/end_effector_description:/home/mtrn/4231/ros_ur_driver/install/ur:/home/mtrn/4231/ros_ur_driver/install/ur_calibration:/home/mtrn/4231/ros_ur_driver/install/ur_robot_driver:/home/mtrn/4231/ros_ur_driver/install/ur_moveit_config:/home/mtrn/4231/ros_ur_driver/install/ur_bringup:/home/mtrn/4231/ros_ur_driver/install/ur_controllers:/home/mtrn/4231/ros_ur_driver/install/ur_dashboard_msgs:/home/mtrn/4231/ws_moveit2/install/pilz_industrial_motion_planner_testutils:/home/mtrn/4231/ws_moveit2/install/moveit_runtime:/home/mtrn/4231/ws_moveit2/install/moveit2_tutorials:/home/mtrn/4231/ws_moveit2/install/moveit:/home/mtrn/4231/ws_moveit2/install/moveit_planners:/home/mtrn/4231/ws_moveit2/install/pilz_industrial_motion_planner:/home/mtrn/4231/ws_moveit2/install/moveit_visual_tools:/home/mtrn/4231/ws_moveit2/install/moveit_task_constructor_visualization:/home/mtrn/4231/ws_moveit2/install/moveit_task_constructor_demo:/home/mtrn/4231/ws_moveit2/install/moveit_task_constructor_capabilities:/home/mtrn/4231/ws_moveit2/install/moveit_task_constructor_core:/home/mtrn/4231/ws_moveit2/install/moveit_ros_control_interface:/home/mtrn/4231/ws_moveit2/install/moveit_plugins:/home/mtrn/4231/ws_moveit2/install/moveit_simple_controller_manager:/home/mtrn/4231/ws_moveit2/install/moveit_setup_assistant:/home/mtrn/4231/ws_moveit2/install/moveit_setup_srdf_plugins:/home/mtrn/4231/ws_moveit2/install/moveit_setup_core_plugins:/home/mtrn/4231/ws_moveit2/install/moveit_setup_controllers:/home/mtrn/4231/ws_moveit2/install/moveit_setup_app_plugins:/home/mtrn/4231/ws_moveit2/install/moveit_setup_framework:/home/mtrn/4231/ws_moveit2/install/moveit_servo:/home/mtrn/4231/ws_moveit2/install/moveit_ros:/home/mtrn/4231/ws_moveit2/install/moveit_ros_visualization:/home/mtrn/4231/ws_moveit2/install/moveit_hybrid_planning:/home/mtrn/4231/ws_moveit2/install/moveit_ros_planning_interface:/home/mtrn/4231/ws_moveit2/install/moveit_ros_benchmarks:/home/mtrn/4231/ws_moveit2/install/moveit_ros_warehouse:/home/mtrn/4231/ws_moveit2/install/moveit_ros_robot_interaction:/home/mtrn/4231/ws_moveit2/install/moveit_ros_perception:/home/mtrn/4231/ws_moveit2/install/moveit_resources_prbt_pg70_support:/home/mtrn/4231/ws_moveit2/install/moveit_resources_prbt_moveit_config:/home/mtrn/4231/ws_moveit2/install/moveit_ros_move_group:/home/mtrn/4231/ws_moveit2/install/moveit_planners_ompl:/home/mtrn/4231/ws_moveit2/install/moveit_ros_planning:/home/mtrn/4231/ws_moveit2/install/moveit_ros_occupancy_map_monitor:/home/mtrn/4231/ws_moveit2/install/moveit_resources_prbt_ikfast_manipulator_plugin:/home/mtrn/4231/ws_moveit2/install/moveit_planners_chomp:/home/mtrn/4231/ws_moveit2/install/moveit_kinematics:/home/mtrn/4231/ws_moveit2/install/moveit_chomp_optimizer_adapter:/home/mtrn/4231/ws_moveit2/install/chomp_motion_planner:/home/mtrn/4231/ws_moveit2/install/moveit_core:/home/mtrn/4231/ws_moveit2/install/srdfdom:/home/mtrn/4231/ws_moveit2/install/rviz_marker_tools:/home/mtrn/4231/ws_moveit2/install/rosparam_shortcuts:/home/mtrn/4231/ws_moveit2/install/moveit_task_constructor_msgs:/home/mtrn/4231/ws_moveit2/install/moveit_resources_prbt_support:/home/mtrn/4231/ws_moveit2/install/moveit_resources:/home/mtrn/4231/ws_moveit2/install/moveit_resources_pr2_description:/home/mtrn/4231/ws_moveit2/install/moveit_resources_panda_moveit_config:/home/mtrn/4231/ws_moveit2/install/moveit_resources_panda_description:/home/mtrn/4231/ws_moveit2/install/moveit_resources_fanuc_moveit_config:/home/mtrn/4231/ws_moveit2/install/moveit_resources_fanuc_description:/home/mtrn/4231/ws_moveit2/install/moveit_common:/home/mtrn/4231/ws_moveit2/install/moveit_configs_utils:/home/mtrn/4231/ws_moveit2/install/launch_param_builder:/opt/ros/humble /usr/bin/cmake --install /home/mtrn/Downloads/MTRN4231_Project/build/ur5e_custom_description
[48.902s] Level 1:colcon.colcon_core.environment:checking '/home/mtrn/Downloads/MTRN4231_Project/install/ur5e_custom_description' for CMake module files
[48.903s] Level 1:colcon.colcon_core.environment:checking '/home/mtrn/Downloads/MTRN4231_Project/install/ur5e_custom_description' for CMake config files
[48.903s] Level 1:colcon.colcon_core.shell:create_environment_hook('ur5e_custom_description', 'cmake_prefix_path')
[48.909s] INFO:colcon.colcon_core.shell:Creating environment hook '/home/mtrn/Downloads/MTRN4231_Project/install/ur5e_custom_description/share/ur5e_custom_description/hook/cmake_prefix_path.ps1'
[48.909s] INFO:colcon.colcon_core.shell:Creating environment descriptor '/home/mtrn/Downloads/MTRN4231_Project/install/ur5e_custom_description/share/ur5e_custom_description/hook/cmake_prefix_path.dsv'
[48.910s] INFO:colcon.colcon_core.shell:Creating environment hook '/home/mtrn/Downloads/MTRN4231_Project/install/ur5e_custom_description/share/ur5e_custom_description/hook/cmake_prefix_path.sh'
[48.911s] Level 1:colcon.colcon_core.environment:checking '/home/mtrn/Downloads/MTRN4231_Project/install/ur5e_custom_description/bin'
[48.911s] Level 1:colcon.colcon_core.environment:checking '/home/mtrn/Downloads/MTRN4231_Project/install/ur5e_custom_description/lib/pkgconfig/ur5e_custom_description.pc'
[48.911s] Level 1:colcon.colcon_core.environment:checking '/home/mtrn/Downloads/MTRN4231_Project/install/ur5e_custom_description/lib/python3.10/site-packages'
[48.912s] Level 1:colcon.colcon_core.environment:checking '/home/mtrn/Downloads/MTRN4231_Project/install/ur5e_custom_description/bin'
[48.916s] INFO:colcon.colcon_core.shell:Creating package script '/home/mtrn/Downloads/MTRN4231_Project/install/ur5e_custom_description/share/ur5e_custom_description/package.ps1'
[48.917s] INFO:colcon.colcon_core.shell:Creating package descriptor '/home/mtrn/Downloads/MTRN4231_Project/install/ur5e_custom_description/share/ur5e_custom_description/package.dsv'
[48.918s] INFO:colcon.colcon_core.shell:Creating package script '/home/mtrn/Downloads/MTRN4231_Project/install/ur5e_custom_description/share/ur5e_custom_description/package.sh'
[48.927s] INFO:colcon.colcon_core.shell:Creating package script '/home/mtrn/Downloads/MTRN4231_Project/install/ur5e_custom_description/share/ur5e_custom_description/package.bash'
[48.927s] INFO:colcon.colcon_core.shell:Creating package script '/home/mtrn/Downloads/MTRN4231_Project/install/ur5e_custom_description/share/ur5e_custom_description/package.zsh'
[48.928s] Level 1:colcon.colcon_core.environment:create_file_with_runtime_dependencies(/home/mtrn/Downloads/MTRN4231_Project/install/ur5e_custom_description/share/colcon-core/packages/ur5e_custom_description)
[49.227s] Level 1:colcon.colcon_core.environment:create_environment_scripts_only(ur5e_custom_description)
[49.232s] Level 1:colcon.colcon_core.environment:checking '/home/mtrn/Downloads/MTRN4231_Project/install/ur5e_custom_description' for CMake module files
[49.233s] Level 1:colcon.colcon_core.environment:checking '/home/mtrn/Downloads/MTRN4231_Project/install/ur5e_custom_description' for CMake config files
[49.233s] Level 1:colcon.colcon_core.shell:create_environment_hook('ur5e_custom_description', 'cmake_prefix_path')
[49.245s] INFO:colcon.colcon_core.shell:Creating environment hook '/home/mtrn/Downloads/MTRN4231_Project/install/ur5e_custom_description/share/ur5e_custom_description/hook/cmake_prefix_path.ps1'
[49.247s] INFO:colcon.colcon_core.shell:Creating environment descriptor '/home/mtrn/Downloads/MTRN4231_Project/install/ur5e_custom_description/share/ur5e_custom_description/hook/cmake_prefix_path.dsv'
[49.248s] INFO:colcon.colcon_core.shell:Creating environment hook '/home/mtrn/Downloads/MTRN4231_Project/install/ur5e_custom_description/share/ur5e_custom_description/hook/cmake_prefix_path.sh'
[49.249s] Level 1:colcon.colcon_core.environment:checking '/home/mtrn/Downloads/MTRN4231_Project/install/ur5e_custom_description/bin'
[49.249s] Level 1:colcon.colcon_core.environment:checking '/home/mtrn/Downloads/MTRN4231_Project/install/ur5e_custom_description/lib/pkgconfig/ur5e_custom_description.pc'
[49.250s] Level 1:colcon.colcon_core.environment:checking '/home/mtrn/Downloads/MTRN4231_Project/install/ur5e_custom_description/lib/python3.10/site-packages'
[49.250s] Level 1:colcon.colcon_core.environment:checking '/home/mtrn/Downloads/MTRN4231_Project/install/ur5e_custom_description/bin'
[49.258s] INFO:colcon.colcon_core.shell:Creating package script '/home/mtrn/Downloads/MTRN4231_Project/install/ur5e_custom_description/share/ur5e_custom_description/package.ps1'
[49.260s] INFO:colcon.colcon_core.shell:Creating package descriptor '/home/mtrn/Downloads/MTRN4231_Project/install/ur5e_custom_description/share/ur5e_custom_description/package.dsv'
[49.262s] INFO:colcon.colcon_core.shell:Creating package script '/home/mtrn/Downloads/MTRN4231_Project/install/ur5e_custom_description/share/ur5e_custom_description/package.sh'
[49.262s] INFO:colcon.colcon_core.shell:Creating package script '/home/mtrn/Downloads/MTRN4231_Project/install/ur5e_custom_description/share/ur5e_custom_description/package.bash'
[49.263s] INFO:colcon.colcon_core.shell:Creating package script '/home/mtrn/Downloads/MTRN4231_Project/install/ur5e_custom_description/share/ur5e_custom_description/package.zsh'
[49.264s] Level 1:colcon.colcon_core.environment:create_file_with_runtime_dependencies(/home/mtrn/Downloads/MTRN4231_Project/install/ur5e_custom_description/share/colcon-core/packages/ur5e_custom_description)
[68.486s] DEBUG:colcon.colcon_core.event_handler.log_command:Invoked command in '/home/mtrn/Downloads/MTRN4231_Project/build/custom_interfaces' returned '0': CMAKE_PREFIX_PATH=${CMAKE_PREFIX_PATH}:/home/mtrn/4231/ws_moveit2/install/moveit_configs_utils:/home/mtrn/4231/ws_moveit2/install/launch_param_builder:/opt/ros/humble /usr/bin/cmake --build /home/mtrn/Downloads/MTRN4231_Project/build/custom_interfaces -- -j4 -l4
[69.367s] DEBUG:colcon.colcon_core.event_handler.log_command:Invoking command in '/home/mtrn/Downloads/MTRN4231_Project/build/custom_interfaces': CMAKE_PREFIX_PATH=${CMAKE_PREFIX_PATH}:/home/mtrn/4231/ws_moveit2/install/moveit_configs_utils:/home/mtrn/4231/ws_moveit2/install/launch_param_builder:/opt/ros/humble /usr/bin/cmake --install /home/mtrn/Downloads/MTRN4231_Project/build/custom_interfaces
[69.739s] Level 1:colcon.colcon_core.environment:create_environment_scripts_only(custom_interfaces)
[69.752s] Level 1:colcon.colcon_core.environment:checking '/home/mtrn/Downloads/MTRN4231_Project/install/custom_interfaces' for CMake module files
[69.757s] DEBUG:colcon.colcon_core.event_handler.log_command:Invoked command in '/home/mtrn/Downloads/MTRN4231_Project/build/custom_interfaces' returned '0': CMAKE_PREFIX_PATH=${CMAKE_PREFIX_PATH}:/home/mtrn/4231/ws_moveit2/install/moveit_configs_utils:/home/mtrn/4231/ws_moveit2/install/launch_param_builder:/opt/ros/humble /usr/bin/cmake --install /home/mtrn/Downloads/MTRN4231_Project/build/custom_interfaces
[69.759s] Level 1:colcon.colcon_core.environment:checking '/home/mtrn/Downloads/MTRN4231_Project/install/custom_interfaces' for CMake config files
[69.759s] Level 1:colcon.colcon_core.shell:create_environment_hook('custom_interfaces', 'cmake_prefix_path')
[69.766s] INFO:colcon.colcon_core.shell:Creating environment hook '/home/mtrn/Downloads/MTRN4231_Project/install/custom_interfaces/share/custom_interfaces/hook/cmake_prefix_path.ps1'
[69.768s] INFO:colcon.colcon_core.shell:Creating environment descriptor '/home/mtrn/Downloads/MTRN4231_Project/install/custom_interfaces/share/custom_interfaces/hook/cmake_prefix_path.dsv'
[69.768s] INFO:colcon.colcon_core.shell:Creating environment hook '/home/mtrn/Downloads/MTRN4231_Project/install/custom_interfaces/share/custom_interfaces/hook/cmake_prefix_path.sh'
[69.769s] Level 1:colcon.colcon_core.environment:checking '/home/mtrn/Downloads/MTRN4231_Project/install/custom_interfaces/lib'
[69.772s] Level 1:colcon.colcon_core.shell:create_environment_hook('custom_interfaces', 'ld_library_path_lib')
[69.783s] INFO:colcon.colcon_core.shell:Creating environment hook '/home/mtrn/Downloads/MTRN4231_Project/install/custom_interfaces/share/custom_interfaces/hook/ld_library_path_lib.ps1'
[69.788s] INFO:colcon.colcon_core.shell:Creating environment descriptor '/home/mtrn/Downloads/MTRN4231_Project/install/custom_interfaces/share/custom_interfaces/hook/ld_library_path_lib.dsv'
[69.789s] INFO:colcon.colcon_core.shell:Creating environment hook '/home/mtrn/Downloads/MTRN4231_Project/install/custom_interfaces/share/custom_interfaces/hook/ld_library_path_lib.sh'
[69.790s] Level 1:colcon.colcon_core.environment:checking '/home/mtrn/Downloads/MTRN4231_Project/install/custom_interfaces/bin'
[69.790s] Level 1:colcon.colcon_core.environment:checking '/home/mtrn/Downloads/MTRN4231_Project/install/custom_interfaces/lib/pkgconfig/custom_interfaces.pc'
[69.790s] Level 1:colcon.colcon_core.environment:checking '/home/mtrn/Downloads/MTRN4231_Project/install/custom_interfaces/lib/python3.10/site-packages'
[69.791s] Level 1:colcon.colcon_core.environment:checking '/home/mtrn/Downloads/MTRN4231_Project/install/custom_interfaces/bin'
[69.800s] INFO:colcon.colcon_core.shell:Creating package script '/home/mtrn/Downloads/MTRN4231_Project/install/custom_interfaces/share/custom_interfaces/package.ps1'
[69.802s] INFO:colcon.colcon_core.shell:Creating package descriptor '/home/mtrn/Downloads/MTRN4231_Project/install/custom_interfaces/share/custom_interfaces/package.dsv'
[69.802s] INFO:colcon.colcon_core.shell:Creating package script '/home/mtrn/Downloads/MTRN4231_Project/install/custom_interfaces/share/custom_interfaces/package.sh'
[69.803s] INFO:colcon.colcon_core.shell:Creating package script '/home/mtrn/Downloads/MTRN4231_Project/install/custom_interfaces/share/custom_interfaces/package.bash'
[69.804s] INFO:colcon.colcon_core.shell:Creating package script '/home/mtrn/Downloads/MTRN4231_Project/install/custom_interfaces/share/custom_interfaces/package.zsh'
[69.805s] Level 1:colcon.colcon_core.environment:create_file_with_runtime_dependencies(/home/mtrn/Downloads/MTRN4231_Project/install/custom_interfaces/share/colcon-core/packages/custom_interfaces)
[70.871s] Level 1:colcon.colcon_core.environment:create_environment_scripts_only(custom_interfaces)
[70.881s] Level 1:colcon.colcon_core.environment:checking '/home/mtrn/Downloads/MTRN4231_Project/install/custom_interfaces' for CMake module files
[70.885s] Level 1:colcon.colcon_core.environment:checking '/home/mtrn/Downloads/MTRN4231_Project/install/custom_interfaces' for CMake config files
[70.885s] Level 1:colcon.colcon_core.shell:create_environment_hook('custom_interfaces', 'cmake_prefix_path')
[70.891s] INFO:colcon.colcon_core.shell:Creating environment hook '/home/mtrn/Downloads/MTRN4231_Project/install/custom_interfaces/share/custom_interfaces/hook/cmake_prefix_path.ps1'
[70.892s] INFO:colcon.colcon_core.shell:Creating environment descriptor '/home/mtrn/Downloads/MTRN4231_Project/install/custom_interfaces/share/custom_interfaces/hook/cmake_prefix_path.dsv'
[70.894s] INFO:colcon.colcon_core.shell:Creating environment hook '/home/mtrn/Downloads/MTRN4231_Project/install/custom_interfaces/share/custom_interfaces/hook/cmake_prefix_path.sh'
[70.896s] Level 1:colcon.colcon_core.environment:checking '/home/mtrn/Downloads/MTRN4231_Project/install/custom_interfaces/lib'
[70.897s] Level 1:colcon.colcon_core.shell:create_environment_hook('custom_interfaces', 'ld_library_path_lib')
[70.907s] INFO:colcon.colcon_core.shell:Creating environment hook '/home/mtrn/Downloads/MTRN4231_Project/install/custom_interfaces/share/custom_interfaces/hook/ld_library_path_lib.ps1'
[70.911s] INFO:colcon.colcon_core.shell:Creating environment descriptor '/home/mtrn/Downloads/MTRN4231_Project/install/custom_interfaces/share/custom_interfaces/hook/ld_library_path_lib.dsv'
[70.912s] INFO:colcon.colcon_core.shell:Creating environment hook '/home/mtrn/Downloads/MTRN4231_Project/install/custom_interfaces/share/custom_interfaces/hook/ld_library_path_lib.sh'
[70.914s] Level 1:colcon.colcon_core.environment:checking '/home/mtrn/Downloads/MTRN4231_Project/install/custom_interfaces/bin'
[70.914s] Level 1:colcon.colcon_core.environment:checking '/home/mtrn/Downloads/MTRN4231_Project/install/custom_interfaces/lib/pkgconfig/custom_interfaces.pc'
[70.915s] Level 1:colcon.colcon_core.environment:checking '/home/mtrn/Downloads/MTRN4231_Project/install/custom_interfaces/lib/python3.10/site-packages'
[70.915s] Level 1:colcon.colcon_core.environment:checking '/home/mtrn/Downloads/MTRN4231_Project/install/custom_interfaces/bin'
[70.924s] INFO:colcon.colcon_core.shell:Creating package script '/home/mtrn/Downloads/MTRN4231_Project/install/custom_interfaces/share/custom_interfaces/package.ps1'
[70.928s] INFO:colcon.colcon_core.shell:Creating package descriptor '/home/mtrn/Downloads/MTRN4231_Project/install/custom_interfaces/share/custom_interfaces/package.dsv'
[70.930s] INFO:colcon.colcon_core.shell:Creating package script '/home/mtrn/Downloads/MTRN4231_Project/install/custom_interfaces/share/custom_interfaces/package.sh'
[70.933s] INFO:colcon.colcon_core.shell:Creating package script '/home/mtrn/Downloads/MTRN4231_Project/install/custom_interfaces/share/custom_interfaces/package.bash'
[70.935s] INFO:colcon.colcon_core.shell:Creating package script '/home/mtrn/Downloads/MTRN4231_Project/install/custom_interfaces/share/custom_interfaces/package.zsh'
[70.936s] Level 1:colcon.colcon_core.environment:create_file_with_runtime_dependencies(/home/mtrn/Downloads/MTRN4231_Project/install/custom_interfaces/share/colcon-core/packages/custom_interfaces)
[70.941s] INFO:colcon.colcon_ros.task.ament_cmake.build:Building ROS package in '/home/mtrn/Downloads/MTRN4231_Project/src/arm_controller' with build type 'ament_cmake'
[70.941s] INFO:colcon.colcon_cmake.task.cmake.build:Building CMake package in '/home/mtrn/Downloads/MTRN4231_Project/src/arm_controller'
[70.948s] INFO:colcon.colcon_core.shell:Skip shell extension 'powershell' for command environment: Not usable outside of PowerShell
[70.948s] DEBUG:colcon.colcon_core.shell:Skip shell extension 'dsv' for command environment
[71.058s] DEBUG:colcon.colcon_core.event_handler.log_command:Invoking command in '/home/mtrn/Downloads/MTRN4231_Project/build/arm_controller': AMENT_PREFIX_PATH=/home/mtrn/Downloads/MTRN4231_Project/install/custom_interfaces:${AMENT_PREFIX_PATH} CMAKE_PREFIX_PATH=/home/mtrn/Downloads/MTRN4231_Project/install/custom_interfaces:/home/mtrn/4231/ros_ur_driver/install/ur:/home/mtrn/4231/ros_ur_driver/install/ur_calibration:/home/mtrn/4231/ros_ur_driver/install/ur_robot_driver:/home/mtrn/4231/ros_ur_driver/install/ur_moveit_config:/home/mtrn/4231/ros_ur_driver/install/ur_bringup:/home/mtrn/4231/ros_ur_driver/install/ur_controllers:/home/mtrn/4231/ros_ur_driver/install/ur_dashboard_msgs:/home/mtrn/4231/ws_moveit2/install/pilz_industrial_motion_planner_testutils:/home/mtrn/4231/ws_moveit2/install/moveit_runtime:/home/mtrn/4231/ws_moveit2/install/moveit2_tutorials:/home/mtrn/4231/ws_moveit2/install/moveit:/home/mtrn/4231/ws_moveit2/install/moveit_planners:/home/mtrn/4231/ws_moveit2/install/pilz_industrial_motion_planner:/home/mtrn/4231/ws_moveit2/install/moveit_visual_tools:/home/mtrn/4231/ws_moveit2/install/moveit_task_constructor_visualization:/home/mtrn/4231/ws_moveit2/install/moveit_task_constructor_demo:/home/mtrn/4231/ws_moveit2/install/moveit_task_constructor_capabilities:/home/mtrn/4231/ws_moveit2/install/moveit_task_constructor_core:/home/mtrn/4231/ws_moveit2/install/moveit_ros_control_interface:/home/mtrn/4231/ws_moveit2/install/moveit_plugins:/home/mtrn/4231/ws_moveit2/install/moveit_simple_controller_manager:/home/mtrn/4231/ws_moveit2/install/moveit_setup_assistant:/home/mtrn/4231/ws_moveit2/install/moveit_setup_srdf_plugins:/home/mtrn/4231/ws_moveit2/install/moveit_setup_core_plugins:/home/mtrn/4231/ws_moveit2/install/moveit_setup_controllers:/home/mtrn/4231/ws_moveit2/install/moveit_setup_app_plugins:/home/mtrn/4231/ws_moveit2/install/moveit_setup_framework:/home/mtrn/4231/ws_moveit2/install/moveit_servo:/home/mtrn/4231/ws_moveit2/install/moveit_ros:/home/mtrn/4231/ws_moveit2/install/moveit_ros_visualization:/home/mtrn/4231/ws_moveit2/install/moveit_hybrid_planning:/home/mtrn/4231/ws_moveit2/install/moveit_ros_planning_interface:/home/mtrn/4231/ws_moveit2/install/moveit_ros_benchmarks:/home/mtrn/4231/ws_moveit2/install/moveit_ros_warehouse:/home/mtrn/4231/ws_moveit2/install/moveit_ros_robot_interaction:/home/mtrn/4231/ws_moveit2/install/moveit_ros_perception:/home/mtrn/4231/ws_moveit2/install/moveit_resources_prbt_pg70_support:/home/mtrn/4231/ws_moveit2/install/moveit_resources_prbt_moveit_config:/home/mtrn/4231/ws_moveit2/install/moveit_ros_move_group:/home/mtrn/4231/ws_moveit2/install/moveit_planners_ompl:/home/mtrn/4231/ws_moveit2/install/moveit_ros_planning:/home/mtrn/4231/ws_moveit2/install/moveit_ros_occupancy_map_monitor:/home/mtrn/4231/ws_moveit2/install/moveit_resources_prbt_ikfast_manipulator_plugin:/home/mtrn/4231/ws_moveit2/install/moveit_planners_chomp:/home/mtrn/4231/ws_moveit2/install/moveit_kinematics:/home/mtrn/4231/ws_moveit2/install/moveit_chomp_optimizer_adapter:/home/mtrn/4231/ws_moveit2/install/chomp_motion_planner:/home/mtrn/4231/ws_moveit2/install/moveit_core:/home/mtrn/4231/ws_moveit2/install/srdfdom:/home/mtrn/4231/ws_moveit2/install/rviz_marker_tools:/home/mtrn/4231/ws_moveit2/install/rosparam_shortcuts:/home/mtrn/4231/ws_moveit2/install/moveit_task_constructor_msgs:/home/mtrn/4231/ws_moveit2/install/moveit_resources_prbt_support:/home/mtrn/4231/ws_moveit2/install/moveit_resources:/home/mtrn/4231/ws_moveit2/install/moveit_resources_pr2_description:/home/mtrn/4231/ws_moveit2/install/moveit_resources_panda_moveit_config:/home/mtrn/4231/ws_moveit2/install/moveit_resources_panda_description:/home/mtrn/4231/ws_moveit2/install/moveit_resources_fanuc_moveit_config:/home/mtrn/4231/ws_moveit2/install/moveit_resources_fanuc_description:/home/mtrn/4231/ws_moveit2/install/moveit_common:/home/mtrn/4231/ws_moveit2/install/moveit_configs_utils:/home/mtrn/4231/ws_moveit2/install/launch_param_builder:/opt/ros/humble LD_LIBRARY_PATH=/home/mtrn/Downloads/MTRN4231_Project/install/custom_interfaces/lib:${LD_LIBRARY_PATH} PYTHONPATH=/home/mtrn/Downloads/MTRN4231_Project/install/custom_interfaces/local/lib/python3.10/dist-packages:${PYTHONPATH} /usr/bin/cmake /home/mtrn/Downloads/MTRN4231_Project/src/arm_controller -DCMAKE_INSTALL_PREFIX=/home/mtrn/Downloads/MTRN4231_Project/install/arm_controller
[96.695s] DEBUG:colcon.colcon_core.event_handler.log_command:Invoked command in '/home/mtrn/Downloads/MTRN4231_Project/build/arm_controller' returned '0': AMENT_PREFIX_PATH=/home/mtrn/Downloads/MTRN4231_Project/install/custom_interfaces:${AMENT_PREFIX_PATH} CMAKE_PREFIX_PATH=/home/mtrn/Downloads/MTRN4231_Project/install/custom_interfaces:/home/mtrn/4231/ros_ur_driver/install/ur:/home/mtrn/4231/ros_ur_driver/install/ur_calibration:/home/mtrn/4231/ros_ur_driver/install/ur_robot_driver:/home/mtrn/4231/ros_ur_driver/install/ur_moveit_config:/home/mtrn/4231/ros_ur_driver/install/ur_bringup:/home/mtrn/4231/ros_ur_driver/install/ur_controllers:/home/mtrn/4231/ros_ur_driver/install/ur_dashboard_msgs:/home/mtrn/4231/ws_moveit2/install/pilz_industrial_motion_planner_testutils:/home/mtrn/4231/ws_moveit2/install/moveit_runtime:/home/mtrn/4231/ws_moveit2/install/moveit2_tutorials:/home/mtrn/4231/ws_moveit2/install/moveit:/home/mtrn/4231/ws_moveit2/install/moveit_planners:/home/mtrn/4231/ws_moveit2/install/pilz_industrial_motion_planner:/home/mtrn/4231/ws_moveit2/install/moveit_visual_tools:/home/mtrn/4231/ws_moveit2/install/moveit_task_constructor_visualization:/home/mtrn/4231/ws_moveit2/install/moveit_task_constructor_demo:/home/mtrn/4231/ws_moveit2/install/moveit_task_constructor_capabilities:/home/mtrn/4231/ws_moveit2/install/moveit_task_constructor_core:/home/mtrn/4231/ws_moveit2/install/moveit_ros_control_interface:/home/mtrn/4231/ws_moveit2/install/moveit_plugins:/home/mtrn/4231/ws_moveit2/install/moveit_simple_controller_manager:/home/mtrn/4231/ws_moveit2/install/moveit_setup_assistant:/home/mtrn/4231/ws_moveit2/install/moveit_setup_srdf_plugins:/home/mtrn/4231/ws_moveit2/install/moveit_setup_core_plugins:/home/mtrn/4231/ws_moveit2/install/moveit_setup_controllers:/home/mtrn/4231/ws_moveit2/install/moveit_setup_app_plugins:/home/mtrn/4231/ws_moveit2/install/moveit_setup_framework:/home/mtrn/4231/ws_moveit2/install/moveit_servo:/home/mtrn/4231/ws_moveit2/install/moveit_ros:/home/mtrn/4231/ws_moveit2/install/moveit_ros_visualization:/home/mtrn/4231/ws_moveit2/install/moveit_hybrid_planning:/home/mtrn/4231/ws_moveit2/install/moveit_ros_planning_interface:/home/mtrn/4231/ws_moveit2/install/moveit_ros_benchmarks:/home/mtrn/4231/ws_moveit2/install/moveit_ros_warehouse:/home/mtrn/4231/ws_moveit2/install/moveit_ros_robot_interaction:/home/mtrn/4231/ws_moveit2/install/moveit_ros_perception:/home/mtrn/4231/ws_moveit2/install/moveit_resources_prbt_pg70_support:/home/mtrn/4231/ws_moveit2/install/moveit_resources_prbt_moveit_config:/home/mtrn/4231/ws_moveit2/install/moveit_ros_move_group:/home/mtrn/4231/ws_moveit2/install/moveit_planners_ompl:/home/mtrn/4231/ws_moveit2/install/moveit_ros_planning:/home/mtrn/4231/ws_moveit2/install/moveit_ros_occupancy_map_monitor:/home/mtrn/4231/ws_moveit2/install/moveit_resources_prbt_ikfast_manipulator_plugin:/home/mtrn/4231/ws_moveit2/install/moveit_planners_chomp:/home/mtrn/4231/ws_moveit2/install/moveit_kinematics:/home/mtrn/4231/ws_moveit2/install/moveit_chomp_optimizer_adapter:/home/mtrn/4231/ws_moveit2/install/chomp_motion_planner:/home/mtrn/4231/ws_moveit2/install/moveit_core:/home/mtrn/4231/ws_moveit2/install/srdfdom:/home/mtrn/4231/ws_moveit2/install/rviz_marker_tools:/home/mtrn/4231/ws_moveit2/install/rosparam_shortcuts:/home/mtrn/4231/ws_moveit2/install/moveit_task_constructor_msgs:/home/mtrn/4231/ws_moveit2/install/moveit_resources_prbt_support:/home/mtrn/4231/ws_moveit2/install/moveit_resources:/home/mtrn/4231/ws_moveit2/install/moveit_resources_pr2_description:/home/mtrn/4231/ws_moveit2/install/moveit_resources_panda_moveit_config:/home/mtrn/4231/ws_moveit2/install/moveit_resources_panda_description:/home/mtrn/4231/ws_moveit2/install/moveit_resources_fanuc_moveit_config:/home/mtrn/4231/ws_moveit2/install/moveit_resources_fanuc_description:/home/mtrn/4231/ws_moveit2/install/moveit_common:/home/mtrn/4231/ws_moveit2/install/moveit_configs_utils:/home/mtrn/4231/ws_moveit2/install/launch_param_builder:/opt/ros/humble LD_LIBRARY_PATH=/home/mtrn/Downloads/MTRN4231_Project/install/custom_interfaces/lib:${LD_LIBRARY_PATH} PYTHONPATH=/home/mtrn/Downloads/MTRN4231_Project/install/custom_interfaces/local/lib/python3.10/dist-packages:${PYTHONPATH} /usr/bin/cmake /home/mtrn/Downloads/MTRN4231_Project/src/arm_controller -DCMAKE_INSTALL_PREFIX=/home/mtrn/Downloads/MTRN4231_Project/install/arm_controller
[96.696s] DEBUG:colcon.colcon_core.event_handler.log_command:Invoking command in '/home/mtrn/Downloads/MTRN4231_Project/build/arm_controller': AMENT_PREFIX_PATH=/home/mtrn/Downloads/MTRN4231_Project/install/custom_interfaces:${AMENT_PREFIX_PATH} CMAKE_PREFIX_PATH=/home/mtrn/Downloads/MTRN4231_Project/install/custom_interfaces:/home/mtrn/4231/ros_ur_driver/install/ur:/home/mtrn/4231/ros_ur_driver/install/ur_calibration:/home/mtrn/4231/ros_ur_driver/install/ur_robot_driver:/home/mtrn/4231/ros_ur_driver/install/ur_moveit_config:/home/mtrn/4231/ros_ur_driver/install/ur_bringup:/home/mtrn/4231/ros_ur_driver/install/ur_controllers:/home/mtrn/4231/ros_ur_driver/install/ur_dashboard_msgs:/home/mtrn/4231/ws_moveit2/install/pilz_industrial_motion_planner_testutils:/home/mtrn/4231/ws_moveit2/install/moveit_runtime:/home/mtrn/4231/ws_moveit2/install/moveit2_tutorials:/home/mtrn/4231/ws_moveit2/install/moveit:/home/mtrn/4231/ws_moveit2/install/moveit_planners:/home/mtrn/4231/ws_moveit2/install/pilz_industrial_motion_planner:/home/mtrn/4231/ws_moveit2/install/moveit_visual_tools:/home/mtrn/4231/ws_moveit2/install/moveit_task_constructor_visualization:/home/mtrn/4231/ws_moveit2/install/moveit_task_constructor_demo:/home/mtrn/4231/ws_moveit2/install/moveit_task_constructor_capabilities:/home/mtrn/4231/ws_moveit2/install/moveit_task_constructor_core:/home/mtrn/4231/ws_moveit2/install/moveit_ros_control_interface:/home/mtrn/4231/ws_moveit2/install/moveit_plugins:/home/mtrn/4231/ws_moveit2/install/moveit_simple_controller_manager:/home/mtrn/4231/ws_moveit2/install/moveit_setup_assistant:/home/mtrn/4231/ws_moveit2/install/moveit_setup_srdf_plugins:/home/mtrn/4231/ws_moveit2/install/moveit_setup_core_plugins:/home/mtrn/4231/ws_moveit2/install/moveit_setup_controllers:/home/mtrn/4231/ws_moveit2/install/moveit_setup_app_plugins:/home/mtrn/4231/ws_moveit2/install/moveit_setup_framework:/home/mtrn/4231/ws_moveit2/install/moveit_servo:/home/mtrn/4231/ws_moveit2/install/moveit_ros:/home/mtrn/4231/ws_moveit2/install/moveit_ros_visualization:/home/mtrn/4231/ws_moveit2/install/moveit_hybrid_planning:/home/mtrn/4231/ws_moveit2/install/moveit_ros_planning_interface:/home/mtrn/4231/ws_moveit2/install/moveit_ros_benchmarks:/home/mtrn/4231/ws_moveit2/install/moveit_ros_warehouse:/home/mtrn/4231/ws_moveit2/install/moveit_ros_robot_interaction:/home/mtrn/4231/ws_moveit2/install/moveit_ros_perception:/home/mtrn/4231/ws_moveit2/install/moveit_resources_prbt_pg70_support:/home/mtrn/4231/ws_moveit2/install/moveit_resources_prbt_moveit_config:/home/mtrn/4231/ws_moveit2/install/moveit_ros_move_group:/home/mtrn/4231/ws_moveit2/install/moveit_planners_ompl:/home/mtrn/4231/ws_moveit2/install/moveit_ros_planning:/home/mtrn/4231/ws_moveit2/install/moveit_ros_occupancy_map_monitor:/home/mtrn/4231/ws_moveit2/install/moveit_resources_prbt_ikfast_manipulator_plugin:/home/mtrn/4231/ws_moveit2/install/moveit_planners_chomp:/home/mtrn/4231/ws_moveit2/install/moveit_kinematics:/home/mtrn/4231/ws_moveit2/install/moveit_chomp_optimizer_adapter:/home/mtrn/4231/ws_moveit2/install/chomp_motion_planner:/home/mtrn/4231/ws_moveit2/install/moveit_core:/home/mtrn/4231/ws_moveit2/install/srdfdom:/home/mtrn/4231/ws_moveit2/install/rviz_marker_tools:/home/mtrn/4231/ws_moveit2/install/rosparam_shortcuts:/home/mtrn/4231/ws_moveit2/install/moveit_task_constructor_msgs:/home/mtrn/4231/ws_moveit2/install/moveit_resources_prbt_support:/home/mtrn/4231/ws_moveit2/install/moveit_resources:/home/mtrn/4231/ws_moveit2/install/moveit_resources_pr2_description:/home/mtrn/4231/ws_moveit2/install/moveit_resources_panda_moveit_config:/home/mtrn/4231/ws_moveit2/install/moveit_resources_panda_description:/home/mtrn/4231/ws_moveit2/install/moveit_resources_fanuc_moveit_config:/home/mtrn/4231/ws_moveit2/install/moveit_resources_fanuc_description:/home/mtrn/4231/ws_moveit2/install/moveit_common:/home/mtrn/4231/ws_moveit2/install/moveit_configs_utils:/home/mtrn/4231/ws_moveit2/install/launch_param_builder:/opt/ros/humble LD_LIBRARY_PATH=/home/mtrn/Downloads/MTRN4231_Project/install/custom_interfaces/lib:${LD_LIBRARY_PATH} PYTHONPATH=/home/mtrn/Downloads/MTRN4231_Project/install/custom_interfaces/local/lib/python3.10/dist-packages:${PYTHONPATH} /usr/bin/cmake --build /home/mtrn/Downloads/MTRN4231_Project/build/arm_controller -- -j4 -l4
[169.482s] DEBUG:colcon.colcon_core.event_handler.log_command:Invoked command in '/home/mtrn/Downloads/MTRN4231_Project/build/arm_controller' returned '0': AMENT_PREFIX_PATH=/home/mtrn/Downloads/MTRN4231_Project/install/custom_interfaces:${AMENT_PREFIX_PATH} CMAKE_PREFIX_PATH=/home/mtrn/Downloads/MTRN4231_Project/install/custom_interfaces:/home/mtrn/4231/ros_ur_driver/install/ur:/home/mtrn/4231/ros_ur_driver/install/ur_calibration:/home/mtrn/4231/ros_ur_driver/install/ur_robot_driver:/home/mtrn/4231/ros_ur_driver/install/ur_moveit_config:/home/mtrn/4231/ros_ur_driver/install/ur_bringup:/home/mtrn/4231/ros_ur_driver/install/ur_controllers:/home/mtrn/4231/ros_ur_driver/install/ur_dashboard_msgs:/home/mtrn/4231/ws_moveit2/install/pilz_industrial_motion_planner_testutils:/home/mtrn/4231/ws_moveit2/install/moveit_runtime:/home/mtrn/4231/ws_moveit2/install/moveit2_tutorials:/home/mtrn/4231/ws_moveit2/install/moveit:/home/mtrn/4231/ws_moveit2/install/moveit_planners:/home/mtrn/4231/ws_moveit2/install/pilz_industrial_motion_planner:/home/mtrn/4231/ws_moveit2/install/moveit_visual_tools:/home/mtrn/4231/ws_moveit2/install/moveit_task_constructor_visualization:/home/mtrn/4231/ws_moveit2/install/moveit_task_constructor_demo:/home/mtrn/4231/ws_moveit2/install/moveit_task_constructor_capabilities:/home/mtrn/4231/ws_moveit2/install/moveit_task_constructor_core:/home/mtrn/4231/ws_moveit2/install/moveit_ros_control_interface:/home/mtrn/4231/ws_moveit2/install/moveit_plugins:/home/mtrn/4231/ws_moveit2/install/moveit_simple_controller_manager:/home/mtrn/4231/ws_moveit2/install/moveit_setup_assistant:/home/mtrn/4231/ws_moveit2/install/moveit_setup_srdf_plugins:/home/mtrn/4231/ws_moveit2/install/moveit_setup_core_plugins:/home/mtrn/4231/ws_moveit2/install/moveit_setup_controllers:/home/mtrn/4231/ws_moveit2/install/moveit_setup_app_plugins:/home/mtrn/4231/ws_moveit2/install/moveit_setup_framework:/home/mtrn/4231/ws_moveit2/install/moveit_servo:/home/mtrn/4231/ws_moveit2/install/moveit_ros:/home/mtrn/4231/ws_moveit2/install/moveit_ros_visualization:/home/mtrn/4231/ws_moveit2/install/moveit_hybrid_planning:/home/mtrn/4231/ws_moveit2/install/moveit_ros_planning_interface:/home/mtrn/4231/ws_moveit2/install/moveit_ros_benchmarks:/home/mtrn/4231/ws_moveit2/install/moveit_ros_warehouse:/home/mtrn/4231/ws_moveit2/install/moveit_ros_robot_interaction:/home/mtrn/4231/ws_moveit2/install/moveit_ros_perception:/home/mtrn/4231/ws_moveit2/install/moveit_resources_prbt_pg70_support:/home/mtrn/4231/ws_moveit2/install/moveit_resources_prbt_moveit_config:/home/mtrn/4231/ws_moveit2/install/moveit_ros_move_group:/home/mtrn/4231/ws_moveit2/install/moveit_planners_ompl:/home/mtrn/4231/ws_moveit2/install/moveit_ros_planning:/home/mtrn/4231/ws_moveit2/install/moveit_ros_occupancy_map_monitor:/home/mtrn/4231/ws_moveit2/install/moveit_resources_prbt_ikfast_manipulator_plugin:/home/mtrn/4231/ws_moveit2/install/moveit_planners_chomp:/home/mtrn/4231/ws_moveit2/install/moveit_kinematics:/home/mtrn/4231/ws_moveit2/install/moveit_chomp_optimizer_adapter:/home/mtrn/4231/ws_moveit2/install/chomp_motion_planner:/home/mtrn/4231/ws_moveit2/install/moveit_core:/home/mtrn/4231/ws_moveit2/install/srdfdom:/home/mtrn/4231/ws_moveit2/install/rviz_marker_tools:/home/mtrn/4231/ws_moveit2/install/rosparam_shortcuts:/home/mtrn/4231/ws_moveit2/install/moveit_task_constructor_msgs:/home/mtrn/4231/ws_moveit2/install/moveit_resources_prbt_support:/home/mtrn/4231/ws_moveit2/install/moveit_resources:/home/mtrn/4231/ws_moveit2/install/moveit_resources_pr2_description:/home/mtrn/4231/ws_moveit2/install/moveit_resources_panda_moveit_config:/home/mtrn/4231/ws_moveit2/install/moveit_resources_panda_description:/home/mtrn/4231/ws_moveit2/install/moveit_resources_fanuc_moveit_config:/home/mtrn/4231/ws_moveit2/install/moveit_resources_fanuc_description:/home/mtrn/4231/ws_moveit2/install/moveit_common:/home/mtrn/4231/ws_moveit2/install/moveit_configs_utils:/home/mtrn/4231/ws_moveit2/install/launch_param_builder:/opt/ros/humble LD_LIBRARY_PATH=/home/mtrn/Downloads/MTRN4231_Project/install/custom_interfaces/lib:${LD_LIBRARY_PATH} PYTHONPATH=/home/mtrn/Downloads/MTRN4231_Project/install/custom_interfaces/local/lib/python3.10/dist-packages:${PYTHONPATH} /usr/bin/cmake --build /home/mtrn/Downloads/MTRN4231_Project/build/arm_controller -- -j4 -l4
[169.868s] DEBUG:colcon.colcon_core.event_handler.log_command:Invoking command in '/home/mtrn/Downloads/MTRN4231_Project/build/arm_controller': AMENT_PREFIX_PATH=/home/mtrn/Downloads/MTRN4231_Project/install/custom_interfaces:${AMENT_PREFIX_PATH} CMAKE_PREFIX_PATH=/home/mtrn/Downloads/MTRN4231_Project/install/custom_interfaces:/home/mtrn/4231/ros_ur_driver/install/ur:/home/mtrn/4231/ros_ur_driver/install/ur_calibration:/home/mtrn/4231/ros_ur_driver/install/ur_robot_driver:/home/mtrn/4231/ros_ur_driver/install/ur_moveit_config:/home/mtrn/4231/ros_ur_driver/install/ur_bringup:/home/mtrn/4231/ros_ur_driver/install/ur_controllers:/home/mtrn/4231/ros_ur_driver/install/ur_dashboard_msgs:/home/mtrn/4231/ws_moveit2/install/pilz_industrial_motion_planner_testutils:/home/mtrn/4231/ws_moveit2/install/moveit_runtime:/home/mtrn/4231/ws_moveit2/install/moveit2_tutorials:/home/mtrn/4231/ws_moveit2/install/moveit:/home/mtrn/4231/ws_moveit2/install/moveit_planners:/home/mtrn/4231/ws_moveit2/install/pilz_industrial_motion_planner:/home/mtrn/4231/ws_moveit2/install/moveit_visual_tools:/home/mtrn/4231/ws_moveit2/install/moveit_task_constructor_visualization:/home/mtrn/4231/ws_moveit2/install/moveit_task_constructor_demo:/home/mtrn/4231/ws_moveit2/install/moveit_task_constructor_capabilities:/home/mtrn/4231/ws_moveit2/install/moveit_task_constructor_core:/home/mtrn/4231/ws_moveit2/install/moveit_ros_control_interface:/home/mtrn/4231/ws_moveit2/install/moveit_plugins:/home/mtrn/4231/ws_moveit2/install/moveit_simple_controller_manager:/home/mtrn/4231/ws_moveit2/install/moveit_setup_assistant:/home/mtrn/4231/ws_moveit2/install/moveit_setup_srdf_plugins:/home/mtrn/4231/ws_moveit2/install/moveit_setup_core_plugins:/home/mtrn/4231/ws_moveit2/install/moveit_setup_controllers:/home/mtrn/4231/ws_moveit2/install/moveit_setup_app_plugins:/home/mtrn/4231/ws_moveit2/install/moveit_setup_framework:/home/mtrn/4231/ws_moveit2/install/moveit_servo:/home/mtrn/4231/ws_moveit2/install/moveit_ros:/home/mtrn/4231/ws_moveit2/install/moveit_ros_visualization:/home/mtrn/4231/ws_moveit2/install/moveit_hybrid_planning:/home/mtrn/4231/ws_moveit2/install/moveit_ros_planning_interface:/home/mtrn/4231/ws_moveit2/install/moveit_ros_benchmarks:/home/mtrn/4231/ws_moveit2/install/moveit_ros_warehouse:/home/mtrn/4231/ws_moveit2/install/moveit_ros_robot_interaction:/home/mtrn/4231/ws_moveit2/install/moveit_ros_perception:/home/mtrn/4231/ws_moveit2/install/moveit_resources_prbt_pg70_support:/home/mtrn/4231/ws_moveit2/install/moveit_resources_prbt_moveit_config:/home/mtrn/4231/ws_moveit2/install/moveit_ros_move_group:/home/mtrn/4231/ws_moveit2/install/moveit_planners_ompl:/home/mtrn/4231/ws_moveit2/install/moveit_ros_planning:/home/mtrn/4231/ws_moveit2/install/moveit_ros_occupancy_map_monitor:/home/mtrn/4231/ws_moveit2/install/moveit_resources_prbt_ikfast_manipulator_plugin:/home/mtrn/4231/ws_moveit2/install/moveit_planners_chomp:/home/mtrn/4231/ws_moveit2/install/moveit_kinematics:/home/mtrn/4231/ws_moveit2/install/moveit_chomp_optimizer_adapter:/home/mtrn/4231/ws_moveit2/install/chomp_motion_planner:/home/mtrn/4231/ws_moveit2/install/moveit_core:/home/mtrn/4231/ws_moveit2/install/srdfdom:/home/mtrn/4231/ws_moveit2/install/rviz_marker_tools:/home/mtrn/4231/ws_moveit2/install/rosparam_shortcuts:/home/mtrn/4231/ws_moveit2/install/moveit_task_constructor_msgs:/home/mtrn/4231/ws_moveit2/install/moveit_resources_prbt_support:/home/mtrn/4231/ws_moveit2/install/moveit_resources:/home/mtrn/4231/ws_moveit2/install/moveit_resources_pr2_description:/home/mtrn/4231/ws_moveit2/install/moveit_resources_panda_moveit_config:/home/mtrn/4231/ws_moveit2/install/moveit_resources_panda_description:/home/mtrn/4231/ws_moveit2/install/moveit_resources_fanuc_moveit_config:/home/mtrn/4231/ws_moveit2/install/moveit_resources_fanuc_description:/home/mtrn/4231/ws_moveit2/install/moveit_common:/home/mtrn/4231/ws_moveit2/install/moveit_configs_utils:/home/mtrn/4231/ws_moveit2/install/launch_param_builder:/opt/ros/humble LD_LIBRARY_PATH=/home/mtrn/Downloads/MTRN4231_Project/install/custom_interfaces/lib:${LD_LIBRARY_PATH} PYTHONPATH=/home/mtrn/Downloads/MTRN4231_Project/install/custom_interfaces/local/lib/python3.10/dist-packages:${PYTHONPATH} /usr/bin/cmake --install /home/mtrn/Downloads/MTRN4231_Project/build/arm_controller
[169.977s] Level 1:colcon.colcon_core.environment:create_environment_scripts_only(arm_controller)
[169.985s] DEBUG:colcon.colcon_core.event_handler.log_command:Invoked command in '/home/mtrn/Downloads/MTRN4231_Project/build/arm_controller' returned '0': AMENT_PREFIX_PATH=/home/mtrn/Downloads/MTRN4231_Project/install/custom_interfaces:${AMENT_PREFIX_PATH} CMAKE_PREFIX_PATH=/home/mtrn/Downloads/MTRN4231_Project/install/custom_interfaces:/home/mtrn/4231/ros_ur_driver/install/ur:/home/mtrn/4231/ros_ur_driver/install/ur_calibration:/home/mtrn/4231/ros_ur_driver/install/ur_robot_driver:/home/mtrn/4231/ros_ur_driver/install/ur_moveit_config:/home/mtrn/4231/ros_ur_driver/install/ur_bringup:/home/mtrn/4231/ros_ur_driver/install/ur_controllers:/home/mtrn/4231/ros_ur_driver/install/ur_dashboard_msgs:/home/mtrn/4231/ws_moveit2/install/pilz_industrial_motion_planner_testutils:/home/mtrn/4231/ws_moveit2/install/moveit_runtime:/home/mtrn/4231/ws_moveit2/install/moveit2_tutorials:/home/mtrn/4231/ws_moveit2/install/moveit:/home/mtrn/4231/ws_moveit2/install/moveit_planners:/home/mtrn/4231/ws_moveit2/install/pilz_industrial_motion_planner:/home/mtrn/4231/ws_moveit2/install/moveit_visual_tools:/home/mtrn/4231/ws_moveit2/install/moveit_task_constructor_visualization:/home/mtrn/4231/ws_moveit2/install/moveit_task_constructor_demo:/home/mtrn/4231/ws_moveit2/install/moveit_task_constructor_capabilities:/home/mtrn/4231/ws_moveit2/install/moveit_task_constructor_core:/home/mtrn/4231/ws_moveit2/install/moveit_ros_control_interface:/home/mtrn/4231/ws_moveit2/install/moveit_plugins:/home/mtrn/4231/ws_moveit2/install/moveit_simple_controller_manager:/home/mtrn/4231/ws_moveit2/install/moveit_setup_assistant:/home/mtrn/4231/ws_moveit2/install/moveit_setup_srdf_plugins:/home/mtrn/4231/ws_moveit2/install/moveit_setup_core_plugins:/home/mtrn/4231/ws_moveit2/install/moveit_setup_controllers:/home/mtrn/4231/ws_moveit2/install/moveit_setup_app_plugins:/home/mtrn/4231/ws_moveit2/install/moveit_setup_framework:/home/mtrn/4231/ws_moveit2/install/moveit_servo:/home/mtrn/4231/ws_moveit2/install/moveit_ros:/home/mtrn/4231/ws_moveit2/install/moveit_ros_visualization:/home/mtrn/4231/ws_moveit2/install/moveit_hybrid_planning:/home/mtrn/4231/ws_moveit2/install/moveit_ros_planning_interface:/home/mtrn/4231/ws_moveit2/install/moveit_ros_benchmarks:/home/mtrn/4231/ws_moveit2/install/moveit_ros_warehouse:/home/mtrn/4231/ws_moveit2/install/moveit_ros_robot_interaction:/home/mtrn/4231/ws_moveit2/install/moveit_ros_perception:/home/mtrn/4231/ws_moveit2/install/moveit_resources_prbt_pg70_support:/home/mtrn/4231/ws_moveit2/install/moveit_resources_prbt_moveit_config:/home/mtrn/4231/ws_moveit2/install/moveit_ros_move_group:/home/mtrn/4231/ws_moveit2/install/moveit_planners_ompl:/home/mtrn/4231/ws_moveit2/install/moveit_ros_planning:/home/mtrn/4231/ws_moveit2/install/moveit_ros_occupancy_map_monitor:/home/mtrn/4231/ws_moveit2/install/moveit_resources_prbt_ikfast_manipulator_plugin:/home/mtrn/4231/ws_moveit2/install/moveit_planners_chomp:/home/mtrn/4231/ws_moveit2/install/moveit_kinematics:/home/mtrn/4231/ws_moveit2/install/moveit_chomp_optimizer_adapter:/home/mtrn/4231/ws_moveit2/install/chomp_motion_planner:/home/mtrn/4231/ws_moveit2/install/moveit_core:/home/mtrn/4231/ws_moveit2/install/srdfdom:/home/mtrn/4231/ws_moveit2/install/rviz_marker_tools:/home/mtrn/4231/ws_moveit2/install/rosparam_shortcuts:/home/mtrn/4231/ws_moveit2/install/moveit_task_constructor_msgs:/home/mtrn/4231/ws_moveit2/install/moveit_resources_prbt_support:/home/mtrn/4231/ws_moveit2/install/moveit_resources:/home/mtrn/4231/ws_moveit2/install/moveit_resources_pr2_description:/home/mtrn/4231/ws_moveit2/install/moveit_resources_panda_moveit_config:/home/mtrn/4231/ws_moveit2/install/moveit_resources_panda_description:/home/mtrn/4231/ws_moveit2/install/moveit_resources_fanuc_moveit_config:/home/mtrn/4231/ws_moveit2/install/moveit_resources_fanuc_description:/home/mtrn/4231/ws_moveit2/install/moveit_common:/home/mtrn/4231/ws_moveit2/install/moveit_configs_utils:/home/mtrn/4231/ws_moveit2/install/launch_param_builder:/opt/ros/humble LD_LIBRARY_PATH=/home/mtrn/Downloads/MTRN4231_Project/install/custom_interfaces/lib:${LD_LIBRARY_PATH} PYTHONPATH=/home/mtrn/Downloads/MTRN4231_Project/install/custom_interfaces/local/lib/python3.10/dist-packages:${PYTHONPATH} /usr/bin/cmake --install /home/mtrn/Downloads/MTRN4231_Project/build/arm_controller
[169.992s] Level 1:colcon.colcon_core.environment:checking '/home/mtrn/Downloads/MTRN4231_Project/install/arm_controller' for CMake module files
[169.993s] Level 1:colcon.colcon_core.environment:checking '/home/mtrn/Downloads/MTRN4231_Project/install/arm_controller' for CMake config files
[169.993s] Level 1:colcon.colcon_core.shell:create_environment_hook('arm_controller', 'cmake_prefix_path')
[169.997s] INFO:colcon.colcon_core.shell:Creating environment hook '/home/mtrn/Downloads/MTRN4231_Project/install/arm_controller/share/arm_controller/hook/cmake_prefix_path.ps1'
[169.998s] INFO:colcon.colcon_core.shell:Creating environment descriptor '/home/mtrn/Downloads/MTRN4231_Project/install/arm_controller/share/arm_controller/hook/cmake_prefix_path.dsv'
[169.998s] INFO:colcon.colcon_core.shell:Creating environment hook '/home/mtrn/Downloads/MTRN4231_Project/install/arm_controller/share/arm_controller/hook/cmake_prefix_path.sh'
[169.999s] Level 1:colcon.colcon_core.environment:checking '/home/mtrn/Downloads/MTRN4231_Project/install/arm_controller/lib'
[170.001s] Level 1:colcon.colcon_core.environment:checking '/home/mtrn/Downloads/MTRN4231_Project/install/arm_controller/bin'
[170.002s] Level 1:colcon.colcon_core.environment:checking '/home/mtrn/Downloads/MTRN4231_Project/install/arm_controller/lib/pkgconfig/arm_controller.pc'
[170.003s] Level 1:colcon.colcon_core.environment:checking '/home/mtrn/Downloads/MTRN4231_Project/install/arm_controller/lib/python3.10/site-packages'
[170.004s] Level 1:colcon.colcon_core.environment:checking '/home/mtrn/Downloads/MTRN4231_Project/install/arm_controller/bin'
[170.012s] INFO:colcon.colcon_core.shell:Creating package script '/home/mtrn/Downloads/MTRN4231_Project/install/arm_controller/share/arm_controller/package.ps1'
[170.013s] INFO:colcon.colcon_core.shell:Creating package descriptor '/home/mtrn/Downloads/MTRN4231_Project/install/arm_controller/share/arm_controller/package.dsv'
[170.015s] INFO:colcon.colcon_core.shell:Creating package script '/home/mtrn/Downloads/MTRN4231_Project/install/arm_controller/share/arm_controller/package.sh'
[170.015s] INFO:colcon.colcon_core.shell:Creating package script '/home/mtrn/Downloads/MTRN4231_Project/install/arm_controller/share/arm_controller/package.bash'
[170.019s] INFO:colcon.colcon_core.shell:Creating package script '/home/mtrn/Downloads/MTRN4231_Project/install/arm_controller/share/arm_controller/package.zsh'
[170.020s] Level 1:colcon.colcon_core.environment:create_file_with_runtime_dependencies(/home/mtrn/Downloads/MTRN4231_Project/install/arm_controller/share/colcon-core/packages/arm_controller)
[170.297s] Level 1:colcon.colcon_core.environment:create_environment_scripts_only(arm_controller)
[170.309s] Level 1:colcon.colcon_core.environment:checking '/home/mtrn/Downloads/MTRN4231_Project/install/arm_controller' for CMake module files
[170.311s] Level 1:colcon.colcon_core.environment:checking '/home/mtrn/Downloads/MTRN4231_Project/install/arm_controller' for CMake config files
[170.311s] Level 1:colcon.colcon_core.shell:create_environment_hook('arm_controller', 'cmake_prefix_path')
[170.320s] INFO:colcon.colcon_core.shell:Creating environment hook '/home/mtrn/Downloads/MTRN4231_Project/install/arm_controller/share/arm_controller/hook/cmake_prefix_path.ps1'
[170.322s] INFO:colcon.colcon_core.shell:Creating environment descriptor '/home/mtrn/Downloads/MTRN4231_Project/install/arm_controller/share/arm_controller/hook/cmake_prefix_path.dsv'
[170.327s] INFO:colcon.colcon_core.shell:Creating environment hook '/home/mtrn/Downloads/MTRN4231_Project/install/arm_controller/share/arm_controller/hook/cmake_prefix_path.sh'
[170.330s] Level 1:colcon.colcon_core.environment:checking '/home/mtrn/Downloads/MTRN4231_Project/install/arm_controller/lib'
[170.331s] Level 1:colcon.colcon_core.environment:checking '/home/mtrn/Downloads/MTRN4231_Project/install/arm_controller/bin'
[170.331s] Level 1:colcon.colcon_core.environment:checking '/home/mtrn/Downloads/MTRN4231_Project/install/arm_controller/lib/pkgconfig/arm_controller.pc'
[170.332s] Level 1:colcon.colcon_core.environment:checking '/home/mtrn/Downloads/MTRN4231_Project/install/arm_controller/lib/python3.10/site-packages'
[170.332s] Level 1:colcon.colcon_core.environment:checking '/home/mtrn/Downloads/MTRN4231_Project/install/arm_controller/bin'
[170.340s] INFO:colcon.colcon_core.shell:Creating package script '/home/mtrn/Downloads/MTRN4231_Project/install/arm_controller/share/arm_controller/package.ps1'
[170.342s] INFO:colcon.colcon_core.shell:Creating package descriptor '/home/mtrn/Downloads/MTRN4231_Project/install/arm_controller/share/arm_controller/package.dsv'
[170.344s] INFO:colcon.colcon_core.shell:Creating package script '/home/mtrn/Downloads/MTRN4231_Project/install/arm_controller/share/arm_controller/package.sh'
[170.346s] INFO:colcon.colcon_core.shell:Creating package script '/home/mtrn/Downloads/MTRN4231_Project/install/arm_controller/share/arm_controller/package.bash'
[170.348s] INFO:colcon.colcon_core.shell:Creating package script '/home/mtrn/Downloads/MTRN4231_Project/install/arm_controller/share/arm_controller/package.zsh'
[170.349s] Level 1:colcon.colcon_core.environment:create_file_with_runtime_dependencies(/home/mtrn/Downloads/MTRN4231_Project/install/arm_controller/share/colcon-core/packages/arm_controller)
[170.352s] DEBUG:colcon.colcon_parallel_executor.executor.parallel:closing loop
[170.355s] DEBUG:colcon.colcon_parallel_executor.executor.parallel:loop closed
[170.355s] DEBUG:colcon.colcon_parallel_executor.executor.parallel:run_until_complete finished with '0'
[170.356s] DEBUG:colcon.colcon_core.event_reactor:joining thread
[170.381s] INFO:colcon.colcon_core.plugin_system:Skipping extension 'colcon_notification.desktop_notification.terminal_notifier': Not used on non-Darwin systems
[170.381s] INFO:colcon.colcon_core.plugin_system:Skipping extension 'colcon_notification.desktop_notification.win32': Not used on non-Windows systems
[170.381s] INFO:colcon.colcon_notification.desktop_notification:Sending desktop notification using 'notify2'
[170.415s] DEBUG:colcon.colcon_core.event_reactor:joined thread
[170.421s] INFO:colcon.colcon_core.shell:Creating prefix script '/home/mtrn/Downloads/MTRN4231_Project/install/local_setup.ps1'
[170.423s] INFO:colcon.colcon_core.shell:Creating prefix util module '/home/mtrn/Downloads/MTRN4231_Project/install/_local_setup_util_ps1.py'
[170.424s] INFO:colcon.colcon_core.shell:Creating prefix chain script '/home/mtrn/Downloads/MTRN4231_Project/install/setup.ps1'
[170.458s] INFO:colcon.colcon_core.shell:Creating prefix script '/home/mtrn/Downloads/MTRN4231_Project/install/local_setup.sh'
[170.466s] INFO:colcon.colcon_core.shell:Creating prefix util module '/home/mtrn/Downloads/MTRN4231_Project/install/_local_setup_util_sh.py'
[170.467s] INFO:colcon.colcon_core.shell:Creating prefix chain script '/home/mtrn/Downloads/MTRN4231_Project/install/setup.sh'
[170.477s] INFO:colcon.colcon_core.shell:Creating prefix script '/home/mtrn/Downloads/MTRN4231_Project/install/local_setup.bash'
[170.478s] INFO:colcon.colcon_core.shell:Creating prefix chain script '/home/mtrn/Downloads/MTRN4231_Project/install/setup.bash'
[170.488s] INFO:colcon.colcon_core.shell:Creating prefix script '/home/mtrn/Downloads/MTRN4231_Project/install/local_setup.zsh'
[170.489s] INFO:colcon.colcon_core.shell:Creating prefix chain script '/home/mtrn/Downloads/MTRN4231_Project/install/setup.zsh'
