[0.585s] [34mcolcon[0m [1;30mDEBUG[0m [32mCommand line arguments: ['/usr/bin/colcon', 'build'][0m
[0.585s] [34mcolcon[0m [1;30mDEBUG[0m [32mParsed command line arguments: Namespace(log_base=None, log_level=None, verb_name='build', build_base='build', install_base='install', merge_install=False, symlink_install=False, test_result_base=None, continue_on_error=False, executor='parallel', parallel_workers=16, event_handlers=None, ignore_user_meta=False, metas=['./colcon.meta'], base_paths=['.'], packages_ignore=None, packages_ignore_regex=None, paths=None, packages_up_to=None, packages_up_to_regex=None, packages_above=None, packages_above_and_dependencies=None, packages_above_depth=None, packages_select_by_dep=None, packages_skip_by_dep=None, packages_skip_up_to=None, packages_select_build_failed=False, packages_skip_build_finished=False, packages_select_test_failures=False, packages_skip_test_passed=False, packages_select=None, packages_skip=None, packages_select_regex=None, packages_skip_regex=None, packages_start=None, packages_end=None, allow_overriding=[], cmake_args=None, cmake_target=None, cmake_target_skip_unavailable=False, cmake_clean_cache=False, cmake_clean_first=False, cmake_force_configure=False, ament_cmake_args=None, catkin_cmake_args=None, catkin_skip_building_tests=False, mixin_files=None, mixin=None, verb_parser=<colcon_mixin.mixin.mixin_argument.MixinArgumentDecorator object at 0x701188c44be0>, verb_extension=<colcon_core.verb.build.BuildVerb object at 0x701188d45b10>, main=<bound method BuildVerb.main of <colcon_core.verb.build.BuildVerb object at 0x701188d45b10>>, mixin_verb=('build',))[0m
[1.208s] [34mcolcon.colcon_core.package_discovery[0m [1;30mLevel 1[0m discover_packages(colcon_meta) check parameters
[1.208s] [34mcolcon.colcon_core.package_discovery[0m [1;30mLevel 1[0m discover_packages(recursive) check parameters
[1.208s] [34mcolcon.colcon_core.package_discovery[0m [1;30mLevel 1[0m discover_packages(ignore) check parameters
[1.208s] [34mcolcon.colcon_core.package_discovery[0m [1;30mLevel 1[0m discover_packages(path) check parameters
[1.208s] [34mcolcon.colcon_core.package_discovery[0m [1;30mLevel 1[0m discover_packages(colcon_meta) discover
[1.208s] [34mcolcon.colcon_core.package_discovery[0m [1;30mLevel 1[0m discover_packages(recursive) discover
[1.208s] [34mcolcon.colcon_core.package_discovery[0m [1;30mINFO[0m Crawling recursively for packages in '/home/ryanl/4231/MTRN4231_Project'
[1.209s] [34mcolcon.colcon_core.package_identification[0m [1;30mLevel 1[0m _identify(.) by extensions ['ignore', 'ignore_ament_install']
[1.209s] [34mcolcon.colcon_core.package_identification[0m [1;30mLevel 1[0m _identify(.) by extension 'ignore'
[1.209s] [34mcolcon.colcon_core.package_identification[0m [1;30mLevel 1[0m _identify(.) by extension 'ignore_ament_install'
[1.209s] [34mcolcon.colcon_core.package_identification[0m [1;30mLevel 1[0m _identify(.) by extensions ['colcon_pkg']
[1.209s] [34mcolcon.colcon_core.package_identification[0m [1;30mLevel 1[0m _identify(.) by extension 'colcon_pkg'
[1.209s] [34mcolcon.colcon_core.package_identification[0m [1;30mLevel 1[0m _identify(.) by extensions ['colcon_meta']
[1.209s] [34mcolcon.colcon_core.package_identification[0m [1;30mLevel 1[0m _identify(.) by extension 'colcon_meta'
[1.209s] [34mcolcon.colcon_core.package_identification[0m [1;30mLevel 1[0m _identify(.) by extensions ['ros']
[1.209s] [34mcolcon.colcon_core.package_identification[0m [1;30mLevel 1[0m _identify(.) by extension 'ros'
[1.255s] [34mcolcon.colcon_core.package_identification[0m [1;30mLevel 1[0m _identify(.) by extensions ['cmake', 'python']
[1.255s] [34mcolcon.colcon_core.package_identification[0m [1;30mLevel 1[0m _identify(.) by extension 'cmake'
[1.255s] [34mcolcon.colcon_core.package_identification[0m [1;30mLevel 1[0m _identify(.) by extension 'python'
[1.255s] [34mcolcon.colcon_core.package_identification[0m [1;30mLevel 1[0m _identify(.) by extensions ['python_setup_py']
[1.255s] [34mcolcon.colcon_core.package_identification[0m [1;30mLevel 1[0m _identify(.) by extension 'python_setup_py'
[1.256s] [34mcolcon.colcon_core.package_identification[0m [1;30mLevel 1[0m _identify(build) by extensions ['ignore', 'ignore_ament_install']
[1.256s] [34mcolcon.colcon_core.package_identification[0m [1;30mLevel 1[0m _identify(build) by extension 'ignore'
[1.256s] [34mcolcon.colcon_core.package_identification[0m [1;30mLevel 1[0m _identify(build) ignored
[1.257s] [34mcolcon.colcon_core.package_identification[0m [1;30mLevel 1[0m _identify(install) by extensions ['ignore', 'ignore_ament_install']
[1.257s] [34mcolcon.colcon_core.package_identification[0m [1;30mLevel 1[0m _identify(install) by extension 'ignore'
[1.257s] [34mcolcon.colcon_core.package_identification[0m [1;30mLevel 1[0m _identify(install) ignored
[1.257s] [34mcolcon.colcon_core.package_identification[0m [1;30mLevel 1[0m _identify(log) by extensions ['ignore', 'ignore_ament_install']
[1.257s] [34mcolcon.colcon_core.package_identification[0m [1;30mLevel 1[0m _identify(log) by extension 'ignore'
[1.257s] [34mcolcon.colcon_core.package_identification[0m [1;30mLevel 1[0m _identify(log) ignored
[1.257s] [34mcolcon.colcon_core.package_identification[0m [1;30mLevel 1[0m _identify(src) by extensions ['ignore', 'ignore_ament_install']
[1.257s] [34mcolcon.colcon_core.package_identification[0m [1;30mLevel 1[0m _identify(src) by extension 'ignore'
[1.258s] [34mcolcon.colcon_core.package_identification[0m [1;30mLevel 1[0m _identify(src) by extension 'ignore_ament_install'
[1.258s] [34mcolcon.colcon_core.package_identification[0m [1;30mLevel 1[0m _identify(src) by extensions ['colcon_pkg']
[1.258s] [34mcolcon.colcon_core.package_identification[0m [1;30mLevel 1[0m _identify(src) by extension 'colcon_pkg'
[1.258s] [34mcolcon.colcon_core.package_identification[0m [1;30mLevel 1[0m _identify(src) by extensions ['colcon_meta']
[1.258s] [34mcolcon.colcon_core.package_identification[0m [1;30mLevel 1[0m _identify(src) by extension 'colcon_meta'
[1.258s] [34mcolcon.colcon_core.package_identification[0m [1;30mLevel 1[0m _identify(src) by extensions ['ros']
[1.258s] [34mcolcon.colcon_core.package_identification[0m [1;30mLevel 1[0m _identify(src) by extension 'ros'
[1.258s] [34mcolcon.colcon_core.package_identification[0m [1;30mLevel 1[0m _identify(src) by extensions ['cmake', 'python']
[1.258s] [34mcolcon.colcon_core.package_identification[0m [1;30mLevel 1[0m _identify(src) by extension 'cmake'
[1.258s] [34mcolcon.colcon_core.package_identification[0m [1;30mLevel 1[0m _identify(src) by extension 'python'
[1.258s] [34mcolcon.colcon_core.package_identification[0m [1;30mLevel 1[0m _identify(src) by extensions ['python_setup_py']
[1.258s] [34mcolcon.colcon_core.package_identification[0m [1;30mLevel 1[0m _identify(src) by extension 'python_setup_py'
[1.258s] [34mcolcon.colcon_core.package_identification[0m [1;30mLevel 1[0m _identify(src/arm_controller) by extensions ['ignore', 'ignore_ament_install']
[1.259s] [34mcolcon.colcon_core.package_identification[0m [1;30mLevel 1[0m _identify(src/arm_controller) by extension 'ignore'
[1.259s] [34mcolcon.colcon_core.package_identification[0m [1;30mLevel 1[0m _identify(src/arm_controller) by extension 'ignore_ament_install'
[1.259s] [34mcolcon.colcon_core.package_identification[0m [1;30mLevel 1[0m _identify(src/arm_controller) by extensions ['colcon_pkg']
[1.259s] [34mcolcon.colcon_core.package_identification[0m [1;30mLevel 1[0m _identify(src/arm_controller) by extension 'colcon_pkg'
[1.259s] [34mcolcon.colcon_core.package_identification[0m [1;30mLevel 1[0m _identify(src/arm_controller) by extensions ['colcon_meta']
[1.259s] [34mcolcon.colcon_core.package_identification[0m [1;30mLevel 1[0m _identify(src/arm_controller) by extension 'colcon_meta'
[1.259s] [34mcolcon.colcon_core.package_identification[0m [1;30mLevel 1[0m _identify(src/arm_controller) by extensions ['ros']
[1.259s] [34mcolcon.colcon_core.package_identification[0m [1;30mLevel 1[0m _identify(src/arm_controller) by extension 'ros'
[1.266s] [34mcolcon.colcon_core.package_identification[0m [1;30mDEBUG[0m [32mPackage 'src/arm_controller' with type 'ros.ament_cmake' and name 'arm_controller'[0m
[1.267s] [34mcolcon.colcon_core.package_identification[0m [1;30mLevel 1[0m _identify(src/brain) by extensions ['ignore', 'ignore_ament_install']
[1.267s] [34mcolcon.colcon_core.package_identification[0m [1;30mLevel 1[0m _identify(src/brain) by extension 'ignore'
[1.267s] [34mcolcon.colcon_core.package_identification[0m [1;30mLevel 1[0m _identify(src/brain) by extension 'ignore_ament_install'
[1.267s] [34mcolcon.colcon_core.package_identification[0m [1;30mLevel 1[0m _identify(src/brain) by extensions ['colcon_pkg']
[1.267s] [34mcolcon.colcon_core.package_identification[0m [1;30mLevel 1[0m _identify(src/brain) by extension 'colcon_pkg'
[1.267s] [34mcolcon.colcon_core.package_identification[0m [1;30mLevel 1[0m _identify(src/brain) by extensions ['colcon_meta']
[1.267s] [34mcolcon.colcon_core.package_identification[0m [1;30mLevel 1[0m _identify(src/brain) by extension 'colcon_meta'
[1.267s] [34mcolcon.colcon_core.package_identification[0m [1;30mLevel 1[0m _identify(src/brain) by extensions ['ros']
[1.268s] [34mcolcon.colcon_core.package_identification[0m [1;30mLevel 1[0m _identify(src/brain) by extension 'ros'
[1.269s] [34mcolcon.colcon_core.package_identification[0m [1;30mDEBUG[0m [32mPackage 'src/brain' with type 'ros.ament_python' and name 'brain'[0m
[1.269s] [34mcolcon.colcon_core.package_identification[0m [1;30mLevel 1[0m _identify(src/chess_master) by extensions ['ignore', 'ignore_ament_install']
[1.269s] [34mcolcon.colcon_core.package_identification[0m [1;30mLevel 1[0m _identify(src/chess_master) by extension 'ignore'
[1.269s] [34mcolcon.colcon_core.package_identification[0m [1;30mLevel 1[0m _identify(src/chess_master) by extension 'ignore_ament_install'
[1.269s] [34mcolcon.colcon_core.package_identification[0m [1;30mLevel 1[0m _identify(src/chess_master) by extensions ['colcon_pkg']
[1.269s] [34mcolcon.colcon_core.package_identification[0m [1;30mLevel 1[0m _identify(src/chess_master) by extension 'colcon_pkg'
[1.269s] [34mcolcon.colcon_core.package_identification[0m [1;30mLevel 1[0m _identify(src/chess_master) by extensions ['colcon_meta']
[1.269s] [34mcolcon.colcon_core.package_identification[0m [1;30mLevel 1[0m _identify(src/chess_master) by extension 'colcon_meta'
[1.270s] [34mcolcon.colcon_core.package_identification[0m [1;30mLevel 1[0m _identify(src/chess_master) by extensions ['ros']
[1.270s] [34mcolcon.colcon_core.package_identification[0m [1;30mLevel 1[0m _identify(src/chess_master) by extension 'ros'
[1.271s] [34mcolcon.colcon_core.package_identification[0m [1;30mDEBUG[0m [32mPackage 'src/chess_master' with type 'ros.ament_python' and name 'chess_master'[0m
[1.271s] [34mcolcon.colcon_core.package_identification[0m [1;30mLevel 1[0m _identify(src/custom_interfaces) by extensions ['ignore', 'ignore_ament_install']
[1.271s] [34mcolcon.colcon_core.package_identification[0m [1;30mLevel 1[0m _identify(src/custom_interfaces) by extension 'ignore'
[1.272s] [34mcolcon.colcon_core.package_identification[0m [1;30mLevel 1[0m _identify(src/custom_interfaces) by extension 'ignore_ament_install'
[1.272s] [34mcolcon.colcon_core.package_identification[0m [1;30mLevel 1[0m _identify(src/custom_interfaces) by extensions ['colcon_pkg']
[1.272s] [34mcolcon.colcon_core.package_identification[0m [1;30mLevel 1[0m _identify(src/custom_interfaces) by extension 'colcon_pkg'
[1.272s] [34mcolcon.colcon_core.package_identification[0m [1;30mLevel 1[0m _identify(src/custom_interfaces) by extensions ['colcon_meta']
[1.272s] [34mcolcon.colcon_core.package_identification[0m [1;30mLevel 1[0m _identify(src/custom_interfaces) by extension 'colcon_meta'
[1.272s] [34mcolcon.colcon_core.package_identification[0m [1;30mLevel 1[0m _identify(src/custom_interfaces) by extensions ['ros']
[1.272s] [34mcolcon.colcon_core.package_identification[0m [1;30mLevel 1[0m _identify(src/custom_interfaces) by extension 'ros'
[1.273s] [34mcolcon.colcon_core.package_identification[0m [1;30mDEBUG[0m [32mPackage 'src/custom_interfaces' with type 'ros.ament_cmake' and name 'custom_interfaces'[0m
[1.273s] [34mcolcon.colcon_core.package_identification[0m [1;30mLevel 1[0m _identify(src/end_effector_description) by extensions ['ignore', 'ignore_ament_install']
[1.273s] [34mcolcon.colcon_core.package_identification[0m [1;30mLevel 1[0m _identify(src/end_effector_description) by extension 'ignore'
[1.273s] [34mcolcon.colcon_core.package_identification[0m [1;30mLevel 1[0m _identify(src/end_effector_description) by extension 'ignore_ament_install'
[1.273s] [34mcolcon.colcon_core.package_identification[0m [1;30mLevel 1[0m _identify(src/end_effector_description) by extensions ['colcon_pkg']
[1.273s] [34mcolcon.colcon_core.package_identification[0m [1;30mLevel 1[0m _identify(src/end_effector_description) by extension 'colcon_pkg'
[1.274s] [34mcolcon.colcon_core.package_identification[0m [1;30mLevel 1[0m _identify(src/end_effector_description) by extensions ['colcon_meta']
[1.274s] [34mcolcon.colcon_core.package_identification[0m [1;30mLevel 1[0m _identify(src/end_effector_description) by extension 'colcon_meta'
[1.274s] [34mcolcon.colcon_core.package_identification[0m [1;30mLevel 1[0m _identify(src/end_effector_description) by extensions ['ros']
[1.274s] [34mcolcon.colcon_core.package_identification[0m [1;30mLevel 1[0m _identify(src/end_effector_description) by extension 'ros'
[1.274s] [34mcolcon.colcon_core.package_identification[0m [1;30mDEBUG[0m [32mPackage 'src/end_effector_description' with type 'ros.ament_cmake' and name 'end_effector_description'[0m
[1.275s] [34mcolcon.colcon_core.package_identification[0m [1;30mLevel 1[0m _identify(src/gripper) by extensions ['ignore', 'ignore_ament_install']
[1.275s] [34mcolcon.colcon_core.package_identification[0m [1;30mLevel 1[0m _identify(src/gripper) by extension 'ignore'
[1.275s] [34mcolcon.colcon_core.package_identification[0m [1;30mLevel 1[0m _identify(src/gripper) by extension 'ignore_ament_install'
[1.275s] [34mcolcon.colcon_core.package_identification[0m [1;30mLevel 1[0m _identify(src/gripper) by extensions ['colcon_pkg']
[1.275s] [34mcolcon.colcon_core.package_identification[0m [1;30mLevel 1[0m _identify(src/gripper) by extension 'colcon_pkg'
[1.275s] [34mcolcon.colcon_core.package_identification[0m [1;30mLevel 1[0m _identify(src/gripper) by extensions ['colcon_meta']
[1.275s] [34mcolcon.colcon_core.package_identification[0m [1;30mLevel 1[0m _identify(src/gripper) by extension 'colcon_meta'
[1.276s] [34mcolcon.colcon_core.package_identification[0m [1;30mLevel 1[0m _identify(src/gripper) by extensions ['ros']
[1.276s] [34mcolcon.colcon_core.package_identification[0m [1;30mLevel 1[0m _identify(src/gripper) by extension 'ros'
[1.276s] [34mcolcon.colcon_core.package_identification[0m [1;30mDEBUG[0m [32mPackage 'src/gripper' with type 'ros.ament_python' and name 'gripper'[0m
[1.277s] [34mcolcon.colcon_core.package_identification[0m [1;30mLevel 1[0m _identify(src/interfaces) by extensions ['ignore', 'ignore_ament_install']
[1.277s] [34mcolcon.colcon_core.package_identification[0m [1;30mLevel 1[0m _identify(src/interfaces) by extension 'ignore'
[1.277s] [34mcolcon.colcon_core.package_identification[0m [1;30mLevel 1[0m _identify(src/interfaces) by extension 'ignore_ament_install'
[1.277s] [34mcolcon.colcon_core.package_identification[0m [1;30mLevel 1[0m _identify(src/interfaces) by extensions ['colcon_pkg']
[1.277s] [34mcolcon.colcon_core.package_identification[0m [1;30mLevel 1[0m _identify(src/interfaces) by extension 'colcon_pkg'
[1.277s] [34mcolcon.colcon_core.package_identification[0m [1;30mLevel 1[0m _identify(src/interfaces) by extensions ['colcon_meta']
[1.277s] [34mcolcon.colcon_core.package_identification[0m [1;30mLevel 1[0m _identify(src/interfaces) by extension 'colcon_meta'
[1.277s] [34mcolcon.colcon_core.package_identification[0m [1;30mLevel 1[0m _identify(src/interfaces) by extensions ['ros']
[1.277s] [34mcolcon.colcon_core.package_identification[0m [1;30mLevel 1[0m _identify(src/interfaces) by extension 'ros'
[1.279s] [34mcolcon.colcon_core.package_identification[0m [1;30mDEBUG[0m [32mPackage 'src/interfaces' with type 'ros.ament_cmake' and name 'interfaces'[0m
[1.279s] [34mcolcon.colcon_core.package_identification[0m [1;30mLevel 1[0m _identify(src/move_to_marker) by extensions ['ignore', 'ignore_ament_install']
[1.279s] [34mcolcon.colcon_core.package_identification[0m [1;30mLevel 1[0m _identify(src/move_to_marker) by extension 'ignore'
[1.279s] [34mcolcon.colcon_core.package_identification[0m [1;30mLevel 1[0m _identify(src/move_to_marker) by extension 'ignore_ament_install'
[1.279s] [34mcolcon.colcon_core.package_identification[0m [1;30mLevel 1[0m _identify(src/move_to_marker) by extensions ['colcon_pkg']
[1.280s] [34mcolcon.colcon_core.package_identification[0m [1;30mLevel 1[0m _identify(src/move_to_marker) by extension 'colcon_pkg'
[1.280s] [34mcolcon.colcon_core.package_identification[0m [1;30mLevel 1[0m _identify(src/move_to_marker) by extensions ['colcon_meta']
[1.280s] [34mcolcon.colcon_core.package_identification[0m [1;30mLevel 1[0m _identify(src/move_to_marker) by extension 'colcon_meta'
[1.280s] [34mcolcon.colcon_core.package_identification[0m [1;30mLevel 1[0m _identify(src/move_to_marker) by extensions ['ros']
[1.280s] [34mcolcon.colcon_core.package_identification[0m [1;30mLevel 1[0m _identify(src/move_to_marker) by extension 'ros'
[1.281s] [34mcolcon.colcon_core.package_identification[0m [1;30mDEBUG[0m [32mPackage 'src/move_to_marker' with type 'ros.ament_cmake' and name 'move_to_marker'[0m
[1.282s] [34mcolcon.colcon_core.package_identification[0m [1;30mLevel 1[0m _identify(src/ui) by extensions ['ignore', 'ignore_ament_install']
[1.282s] [34mcolcon.colcon_core.package_identification[0m [1;30mLevel 1[0m _identify(src/ui) by extension 'ignore'
[1.282s] [34mcolcon.colcon_core.package_identification[0m [1;30mLevel 1[0m _identify(src/ui) by extension 'ignore_ament_install'
[1.282s] [34mcolcon.colcon_core.package_identification[0m [1;30mLevel 1[0m _identify(src/ui) by extensions ['colcon_pkg']
[1.282s] [34mcolcon.colcon_core.package_identification[0m [1;30mLevel 1[0m _identify(src/ui) by extension 'colcon_pkg'
[1.282s] [34mcolcon.colcon_core.package_identification[0m [1;30mLevel 1[0m _identify(src/ui) by extensions ['colcon_meta']
[1.282s] [34mcolcon.colcon_core.package_identification[0m [1;30mLevel 1[0m _identify(src/ui) by extension 'colcon_meta'
[1.282s] [34mcolcon.colcon_core.package_identification[0m [1;30mLevel 1[0m _identify(src/ui) by extensions ['ros']
[1.282s] [34mcolcon.colcon_core.package_identification[0m [1;30mLevel 1[0m _identify(src/ui) by extension 'ros'
[1.283s] [34mcolcon.colcon_core.package_identification[0m [1;30mDEBUG[0m [32mPackage 'src/ui' with type 'ros.ament_python' and name 'ui'[0m
[1.283s] [34mcolcon.colcon_core.package_identification[0m [1;30mLevel 1[0m _identify(stockfish) by extensions ['ignore', 'ignore_ament_install']
[1.283s] [34mcolcon.colcon_core.package_identification[0m [1;30mLevel 1[0m _identify(stockfish) by extension 'ignore'
[1.284s] [34mcolcon.colcon_core.package_identification[0m [1;30mLevel 1[0m _identify(stockfish) by extension 'ignore_ament_install'
[1.284s] [34mcolcon.colcon_core.package_identification[0m [1;30mLevel 1[0m _identify(stockfish) by extensions ['colcon_pkg']
[1.284s] [34mcolcon.colcon_core.package_identification[0m [1;30mLevel 1[0m _identify(stockfish) by extension 'colcon_pkg'
[1.284s] [34mcolcon.colcon_core.package_identification[0m [1;30mLevel 1[0m _identify(stockfish) by extensions ['colcon_meta']
[1.284s] [34mcolcon.colcon_core.package_identification[0m [1;30mLevel 1[0m _identify(stockfish) by extension 'colcon_meta'
[1.284s] [34mcolcon.colcon_core.package_identification[0m [1;30mLevel 1[0m _identify(stockfish) by extensions ['ros']
[1.284s] [34mcolcon.colcon_core.package_identification[0m [1;30mLevel 1[0m _identify(stockfish) by extension 'ros'
[1.284s] [34mcolcon.colcon_core.package_identification[0m [1;30mLevel 1[0m _identify(stockfish) by extensions ['cmake', 'python']
[1.284s] [34mcolcon.colcon_core.package_identification[0m [1;30mLevel 1[0m _identify(stockfish) by extension 'cmake'
[1.284s] [34mcolcon.colcon_core.package_identification[0m [1;30mLevel 1[0m _identify(stockfish) by extension 'python'
[1.284s] [34mcolcon.colcon_core.package_identification[0m [1;30mLevel 1[0m _identify(stockfish) by extensions ['python_setup_py']
[1.284s] [34mcolcon.colcon_core.package_identification[0m [1;30mLevel 1[0m _identify(stockfish) by extension 'python_setup_py'
[1.285s] [34mcolcon.colcon_core.package_identification[0m [1;30mLevel 1[0m _identify(stockfish/scripts) by extensions ['ignore', 'ignore_ament_install']
[1.285s] [34mcolcon.colcon_core.package_identification[0m [1;30mLevel 1[0m _identify(stockfish/scripts) by extension 'ignore'
[1.285s] [34mcolcon.colcon_core.package_identification[0m [1;30mLevel 1[0m _identify(stockfish/scripts) by extension 'ignore_ament_install'
[1.285s] [34mcolcon.colcon_core.package_identification[0m [1;30mLevel 1[0m _identify(stockfish/scripts) by extensions ['colcon_pkg']
[1.285s] [34mcolcon.colcon_core.package_identification[0m [1;30mLevel 1[0m _identify(stockfish/scripts) by extension 'colcon_pkg'
[1.285s] [34mcolcon.colcon_core.package_identification[0m [1;30mLevel 1[0m _identify(stockfish/scripts) by extensions ['colcon_meta']
[1.285s] [34mcolcon.colcon_core.package_identification[0m [1;30mLevel 1[0m _identify(stockfish/scripts) by extension 'colcon_meta'
[1.285s] [34mcolcon.colcon_core.package_identification[0m [1;30mLevel 1[0m _identify(stockfish/scripts) by extensions ['ros']
[1.286s] [34mcolcon.colcon_core.package_identification[0m [1;30mLevel 1[0m _identify(stockfish/scripts) by extension 'ros'
[1.286s] [34mcolcon.colcon_core.package_identification[0m [1;30mLevel 1[0m _identify(stockfish/scripts) by extensions ['cmake', 'python']
[1.286s] [34mcolcon.colcon_core.package_identification[0m [1;30mLevel 1[0m _identify(stockfish/scripts) by extension 'cmake'
[1.286s] [34mcolcon.colcon_core.package_identification[0m [1;30mLevel 1[0m _identify(stockfish/scripts) by extension 'python'
[1.286s] [34mcolcon.colcon_core.package_identification[0m [1;30mLevel 1[0m _identify(stockfish/scripts) by extensions ['python_setup_py']
[1.286s] [34mcolcon.colcon_core.package_identification[0m [1;30mLevel 1[0m _identify(stockfish/scripts) by extension 'python_setup_py'
[1.287s] [34mcolcon.colcon_core.package_identification[0m [1;30mLevel 1[0m _identify(stockfish/src) by extensions ['ignore', 'ignore_ament_install']
[1.287s] [34mcolcon.colcon_core.package_identification[0m [1;30mLevel 1[0m _identify(stockfish/src) by extension 'ignore'
[1.287s] [34mcolcon.colcon_core.package_identification[0m [1;30mLevel 1[0m _identify(stockfish/src) by extension 'ignore_ament_install'
[1.287s] [34mcolcon.colcon_core.package_identification[0m [1;30mLevel 1[0m _identify(stockfish/src) by extensions ['colcon_pkg']
[1.287s] [34mcolcon.colcon_core.package_identification[0m [1;30mLevel 1[0m _identify(stockfish/src) by extension 'colcon_pkg'
[1.287s] [34mcolcon.colcon_core.package_identification[0m [1;30mLevel 1[0m _identify(stockfish/src) by extensions ['colcon_meta']
[1.287s] [34mcolcon.colcon_core.package_identification[0m [1;30mLevel 1[0m _identify(stockfish/src) by extension 'colcon_meta'
[1.287s] [34mcolcon.colcon_core.package_identification[0m [1;30mLevel 1[0m _identify(stockfish/src) by extensions ['ros']
[1.287s] [34mcolcon.colcon_core.package_identification[0m [1;30mLevel 1[0m _identify(stockfish/src) by extension 'ros'
[1.288s] [34mcolcon.colcon_core.package_identification[0m [1;30mLevel 1[0m _identify(stockfish/src) by extensions ['cmake', 'python']
[1.288s] [34mcolcon.colcon_core.package_identification[0m [1;30mLevel 1[0m _identify(stockfish/src) by extension 'cmake'
[1.288s] [34mcolcon.colcon_core.package_identification[0m [1;30mLevel 1[0m _identify(stockfish/src) by extension 'python'
[1.288s] [34mcolcon.colcon_core.package_identification[0m [1;30mLevel 1[0m _identify(stockfish/src) by extensions ['python_setup_py']
[1.288s] [34mcolcon.colcon_core.package_identification[0m [1;30mLevel 1[0m _identify(stockfish/src) by extension 'python_setup_py'
[1.288s] [34mcolcon.colcon_core.package_identification[0m [1;30mLevel 1[0m _identify(stockfish/src/incbin) by extensions ['ignore', 'ignore_ament_install']
[1.288s] [34mcolcon.colcon_core.package_identification[0m [1;30mLevel 1[0m _identify(stockfish/src/incbin) by extension 'ignore'
[1.288s] [34mcolcon.colcon_core.package_identification[0m [1;30mLevel 1[0m _identify(stockfish/src/incbin) by extension 'ignore_ament_install'
[1.289s] [34mcolcon.colcon_core.package_identification[0m [1;30mLevel 1[0m _identify(stockfish/src/incbin) by extensions ['colcon_pkg']
[1.289s] [34mcolcon.colcon_core.package_identification[0m [1;30mLevel 1[0m _identify(stockfish/src/incbin) by extension 'colcon_pkg'
[1.289s] [34mcolcon.colcon_core.package_identification[0m [1;30mLevel 1[0m _identify(stockfish/src/incbin) by extensions ['colcon_meta']
[1.289s] [34mcolcon.colcon_core.package_identification[0m [1;30mLevel 1[0m _identify(stockfish/src/incbin) by extension 'colcon_meta'
[1.289s] [34mcolcon.colcon_core.package_identification[0m [1;30mLevel 1[0m _identify(stockfish/src/incbin) by extensions ['ros']
[1.289s] [34mcolcon.colcon_core.package_identification[0m [1;30mLevel 1[0m _identify(stockfish/src/incbin) by extension 'ros'
[1.289s] [34mcolcon.colcon_core.package_identification[0m [1;30mLevel 1[0m _identify(stockfish/src/incbin) by extensions ['cmake', 'python']
[1.289s] [34mcolcon.colcon_core.package_identification[0m [1;30mLevel 1[0m _identify(stockfish/src/incbin) by extension 'cmake'
[1.289s] [34mcolcon.colcon_core.package_identification[0m [1;30mLevel 1[0m _identify(stockfish/src/incbin) by extension 'python'
[1.289s] [34mcolcon.colcon_core.package_identification[0m [1;30mLevel 1[0m _identify(stockfish/src/incbin) by extensions ['python_setup_py']
[1.289s] [34mcolcon.colcon_core.package_identification[0m [1;30mLevel 1[0m _identify(stockfish/src/incbin) by extension 'python_setup_py'
[1.289s] [34mcolcon.colcon_core.package_identification[0m [1;30mLevel 1[0m _identify(stockfish/src/nnue) by extensions ['ignore', 'ignore_ament_install']
[1.289s] [34mcolcon.colcon_core.package_identification[0m [1;30mLevel 1[0m _identify(stockfish/src/nnue) by extension 'ignore'
[1.290s] [34mcolcon.colcon_core.package_identification[0m [1;30mLevel 1[0m _identify(stockfish/src/nnue) by extension 'ignore_ament_install'
[1.290s] [34mcolcon.colcon_core.package_identification[0m [1;30mLevel 1[0m _identify(stockfish/src/nnue) by extensions ['colcon_pkg']
[1.290s] [34mcolcon.colcon_core.package_identification[0m [1;30mLevel 1[0m _identify(stockfish/src/nnue) by extension 'colcon_pkg'
[1.290s] [34mcolcon.colcon_core.package_identification[0m [1;30mLevel 1[0m _identify(stockfish/src/nnue) by extensions ['colcon_meta']
[1.290s] [34mcolcon.colcon_core.package_identification[0m [1;30mLevel 1[0m _identify(stockfish/src/nnue) by extension 'colcon_meta'
[1.290s] [34mcolcon.colcon_core.package_identification[0m [1;30mLevel 1[0m _identify(stockfish/src/nnue) by extensions ['ros']
[1.290s] [34mcolcon.colcon_core.package_identification[0m [1;30mLevel 1[0m _identify(stockfish/src/nnue) by extension 'ros'
[1.290s] [34mcolcon.colcon_core.package_identification[0m [1;30mLevel 1[0m _identify(stockfish/src/nnue) by extensions ['cmake', 'python']
[1.290s] [34mcolcon.colcon_core.package_identification[0m [1;30mLevel 1[0m _identify(stockfish/src/nnue) by extension 'cmake'
[1.290s] [34mcolcon.colcon_core.package_identification[0m [1;30mLevel 1[0m _identify(stockfish/src/nnue) by extension 'python'
[1.290s] [34mcolcon.colcon_core.package_identification[0m [1;30mLevel 1[0m _identify(stockfish/src/nnue) by extensions ['python_setup_py']
[1.291s] [34mcolcon.colcon_core.package_identification[0m [1;30mLevel 1[0m _identify(stockfish/src/nnue) by extension 'python_setup_py'
[1.291s] [34mcolcon.colcon_core.package_identification[0m [1;30mLevel 1[0m _identify(stockfish/src/nnue/features) by extensions ['ignore', 'ignore_ament_install']
[1.291s] [34mcolcon.colcon_core.package_identification[0m [1;30mLevel 1[0m _identify(stockfish/src/nnue/features) by extension 'ignore'
[1.291s] [34mcolcon.colcon_core.package_identification[0m [1;30mLevel 1[0m _identify(stockfish/src/nnue/features) by extension 'ignore_ament_install'
[1.291s] [34mcolcon.colcon_core.package_identification[0m [1;30mLevel 1[0m _identify(stockfish/src/nnue/features) by extensions ['colcon_pkg']
[1.291s] [34mcolcon.colcon_core.package_identification[0m [1;30mLevel 1[0m _identify(stockfish/src/nnue/features) by extension 'colcon_pkg'
[1.291s] [34mcolcon.colcon_core.package_identification[0m [1;30mLevel 1[0m _identify(stockfish/src/nnue/features) by extensions ['colcon_meta']
[1.291s] [34mcolcon.colcon_core.package_identification[0m [1;30mLevel 1[0m _identify(stockfish/src/nnue/features) by extension 'colcon_meta'
[1.292s] [34mcolcon.colcon_core.package_identification[0m [1;30mLevel 1[0m _identify(stockfish/src/nnue/features) by extensions ['ros']
[1.292s] [34mcolcon.colcon_core.package_identification[0m [1;30mLevel 1[0m _identify(stockfish/src/nnue/features) by extension 'ros'
[1.292s] [34mcolcon.colcon_core.package_identification[0m [1;30mLevel 1[0m _identify(stockfish/src/nnue/features) by extensions ['cmake', 'python']
[1.292s] [34mcolcon.colcon_core.package_identification[0m [1;30mLevel 1[0m _identify(stockfish/src/nnue/features) by extension 'cmake'
[1.292s] [34mcolcon.colcon_core.package_identification[0m [1;30mLevel 1[0m _identify(stockfish/src/nnue/features) by extension 'python'
[1.292s] [34mcolcon.colcon_core.package_identification[0m [1;30mLevel 1[0m _identify(stockfish/src/nnue/features) by extensions ['python_setup_py']
[1.292s] [34mcolcon.colcon_core.package_identification[0m [1;30mLevel 1[0m _identify(stockfish/src/nnue/features) by extension 'python_setup_py'
[1.292s] [34mcolcon.colcon_core.package_identification[0m [1;30mLevel 1[0m _identify(stockfish/src/nnue/layers) by extensions ['ignore', 'ignore_ament_install']
[1.292s] [34mcolcon.colcon_core.package_identification[0m [1;30mLevel 1[0m _identify(stockfish/src/nnue/layers) by extension 'ignore'
[1.293s] [34mcolcon.colcon_core.package_identification[0m [1;30mLevel 1[0m _identify(stockfish/src/nnue/layers) by extension 'ignore_ament_install'
[1.293s] [34mcolcon.colcon_core.package_identification[0m [1;30mLevel 1[0m _identify(stockfish/src/nnue/layers) by extensions ['colcon_pkg']
[1.293s] [34mcolcon.colcon_core.package_identification[0m [1;30mLevel 1[0m _identify(stockfish/src/nnue/layers) by extension 'colcon_pkg'
[1.293s] [34mcolcon.colcon_core.package_identification[0m [1;30mLevel 1[0m _identify(stockfish/src/nnue/layers) by extensions ['colcon_meta']
[1.293s] [34mcolcon.colcon_core.package_identification[0m [1;30mLevel 1[0m _identify(stockfish/src/nnue/layers) by extension 'colcon_meta'
[1.293s] [34mcolcon.colcon_core.package_identification[0m [1;30mLevel 1[0m _identify(stockfish/src/nnue/layers) by extensions ['ros']
[1.293s] [34mcolcon.colcon_core.package_identification[0m [1;30mLevel 1[0m _identify(stockfish/src/nnue/layers) by extension 'ros'
[1.293s] [34mcolcon.colcon_core.package_identification[0m [1;30mLevel 1[0m _identify(stockfish/src/nnue/layers) by extensions ['cmake', 'python']
[1.293s] [34mcolcon.colcon_core.package_identification[0m [1;30mLevel 1[0m _identify(stockfish/src/nnue/layers) by extension 'cmake'
[1.294s] [34mcolcon.colcon_core.package_identification[0m [1;30mLevel 1[0m _identify(stockfish/src/nnue/layers) by extension 'python'
[1.294s] [34mcolcon.colcon_core.package_identification[0m [1;30mLevel 1[0m _identify(stockfish/src/nnue/layers) by extensions ['python_setup_py']
[1.294s] [34mcolcon.colcon_core.package_identification[0m [1;30mLevel 1[0m _identify(stockfish/src/nnue/layers) by extension 'python_setup_py'
[1.294s] [34mcolcon.colcon_core.package_identification[0m [1;30mLevel 1[0m _identify(stockfish/src/syzygy) by extensions ['ignore', 'ignore_ament_install']
[1.294s] [34mcolcon.colcon_core.package_identification[0m [1;30mLevel 1[0m _identify(stockfish/src/syzygy) by extension 'ignore'
[1.294s] [34mcolcon.colcon_core.package_identification[0m [1;30mLevel 1[0m _identify(stockfish/src/syzygy) by extension 'ignore_ament_install'
[1.294s] [34mcolcon.colcon_core.package_identification[0m [1;30mLevel 1[0m _identify(stockfish/src/syzygy) by extensions ['colcon_pkg']
[1.295s] [34mcolcon.colcon_core.package_identification[0m [1;30mLevel 1[0m _identify(stockfish/src/syzygy) by extension 'colcon_pkg'
[1.295s] [34mcolcon.colcon_core.package_identification[0m [1;30mLevel 1[0m _identify(stockfish/src/syzygy) by extensions ['colcon_meta']
[1.295s] [34mcolcon.colcon_core.package_identification[0m [1;30mLevel 1[0m _identify(stockfish/src/syzygy) by extension 'colcon_meta'
[1.295s] [34mcolcon.colcon_core.package_identification[0m [1;30mLevel 1[0m _identify(stockfish/src/syzygy) by extensions ['ros']
[1.295s] [34mcolcon.colcon_core.package_identification[0m [1;30mLevel 1[0m _identify(stockfish/src/syzygy) by extension 'ros'
[1.295s] [34mcolcon.colcon_core.package_identification[0m [1;30mLevel 1[0m _identify(stockfish/src/syzygy) by extensions ['cmake', 'python']
[1.295s] [34mcolcon.colcon_core.package_identification[0m [1;30mLevel 1[0m _identify(stockfish/src/syzygy) by extension 'cmake'
[1.295s] [34mcolcon.colcon_core.package_identification[0m [1;30mLevel 1[0m _identify(stockfish/src/syzygy) by extension 'python'
[1.295s] [34mcolcon.colcon_core.package_identification[0m [1;30mLevel 1[0m _identify(stockfish/src/syzygy) by extensions ['python_setup_py']
[1.295s] [34mcolcon.colcon_core.package_identification[0m [1;30mLevel 1[0m _identify(stockfish/src/syzygy) by extension 'python_setup_py'
[1.296s] [34mcolcon.colcon_core.package_identification[0m [1;30mLevel 1[0m _identify(stockfish/wiki) by extensions ['ignore', 'ignore_ament_install']
[1.296s] [34mcolcon.colcon_core.package_identification[0m [1;30mLevel 1[0m _identify(stockfish/wiki) by extension 'ignore'
[1.296s] [34mcolcon.colcon_core.package_identification[0m [1;30mLevel 1[0m _identify(stockfish/wiki) by extension 'ignore_ament_install'
[1.296s] [34mcolcon.colcon_core.package_identification[0m [1;30mLevel 1[0m _identify(stockfish/wiki) by extensions ['colcon_pkg']
[1.296s] [34mcolcon.colcon_core.package_identification[0m [1;30mLevel 1[0m _identify(stockfish/wiki) by extension 'colcon_pkg'
[1.296s] [34mcolcon.colcon_core.package_identification[0m [1;30mLevel 1[0m _identify(stockfish/wiki) by extensions ['colcon_meta']
[1.296s] [34mcolcon.colcon_core.package_identification[0m [1;30mLevel 1[0m _identify(stockfish/wiki) by extension 'colcon_meta'
[1.296s] [34mcolcon.colcon_core.package_identification[0m [1;30mLevel 1[0m _identify(stockfish/wiki) by extensions ['ros']
[1.297s] [34mcolcon.colcon_core.package_identification[0m [1;30mLevel 1[0m _identify(stockfish/wiki) by extension 'ros'
[1.297s] [34mcolcon.colcon_core.package_identification[0m [1;30mLevel 1[0m _identify(stockfish/wiki) by extensions ['cmake', 'python']
[1.297s] [34mcolcon.colcon_core.package_identification[0m [1;30mLevel 1[0m _identify(stockfish/wiki) by extension 'cmake'
[1.297s] [34mcolcon.colcon_core.package_identification[0m [1;30mLevel 1[0m _identify(stockfish/wiki) by extension 'python'
[1.297s] [34mcolcon.colcon_core.package_identification[0m [1;30mLevel 1[0m _identify(stockfish/wiki) by extensions ['python_setup_py']
[1.297s] [34mcolcon.colcon_core.package_identification[0m [1;30mLevel 1[0m _identify(stockfish/wiki) by extension 'python_setup_py'
[1.297s] [34mcolcon.colcon_core.package_discovery[0m [1;30mLevel 1[0m discover_packages(recursive) using defaults
[1.297s] [34mcolcon.colcon_core.package_discovery[0m [1;30mLevel 1[0m discover_packages(ignore) discover
[1.297s] [34mcolcon.colcon_core.package_discovery[0m [1;30mLevel 1[0m discover_packages(ignore) using defaults
[1.297s] [34mcolcon.colcon_core.package_discovery[0m [1;30mLevel 1[0m discover_packages(path) discover
[1.298s] [34mcolcon.colcon_core.package_discovery[0m [1;30mLevel 1[0m discover_packages(path) using defaults
[1.338s] [34mcolcon.colcon_core.package_discovery[0m [1;30mLevel 1[0m discover_packages(prefix_path) check parameters
[1.338s] [34mcolcon.colcon_core.package_discovery[0m [1;30mLevel 1[0m discover_packages(prefix_path) discover
[1.346s] [34mcolcon.colcon_installed_package_information.package_discovery[0m [1;30mDEBUG[0m [32mFound 5 installed packages in /home/ryanl/4231/MTRN4231_Project/install[0m
[1.351s] [34mcolcon.colcon_installed_package_information.package_discovery[0m [1;30mDEBUG[0m [32mFound 392 installed packages in /opt/ros/humble[0m
[1.355s] [34mcolcon.colcon_core.package_discovery[0m [1;30mLevel 1[0m discover_packages(prefix_path) using defaults
[1.534s] [34mcolcon.colcon_core.verb[0m [1;30mLevel 5[0m set package 'brain' build argument 'cmake_args' from command line to 'None'
[1.534s] [34mcolcon.colcon_core.verb[0m [1;30mLevel 5[0m set package 'brain' build argument 'cmake_target' from command line to 'None'
[1.534s] [34mcolcon.colcon_core.verb[0m [1;30mLevel 5[0m set package 'brain' build argument 'cmake_target_skip_unavailable' from command line to 'False'
[1.534s] [34mcolcon.colcon_core.verb[0m [1;30mLevel 5[0m set package 'brain' build argument 'cmake_clean_cache' from command line to 'False'
[1.534s] [34mcolcon.colcon_core.verb[0m [1;30mLevel 5[0m set package 'brain' build argument 'cmake_clean_first' from command line to 'False'
[1.535s] [34mcolcon.colcon_core.verb[0m [1;30mLevel 5[0m set package 'brain' build argument 'cmake_force_configure' from command line to 'False'
[1.535s] [34mcolcon.colcon_core.verb[0m [1;30mLevel 5[0m set package 'brain' build argument 'ament_cmake_args' from command line to 'None'
[1.535s] [34mcolcon.colcon_core.verb[0m [1;30mLevel 5[0m set package 'brain' build argument 'catkin_cmake_args' from command line to 'None'
[1.535s] [34mcolcon.colcon_core.verb[0m [1;30mLevel 5[0m set package 'brain' build argument 'catkin_skip_building_tests' from command line to 'False'
[1.535s] [34mcolcon.colcon_core.verb[0m [1;30mDEBUG[0m [32mBuilding package 'brain' with the following arguments: {'ament_cmake_args': None, 'build_base': '/home/ryanl/4231/MTRN4231_Project/build/brain', 'catkin_cmake_args': None, 'catkin_skip_building_tests': False, 'cmake_args': None, 'cmake_clean_cache': False, 'cmake_clean_first': False, 'cmake_force_configure': False, 'cmake_target': None, 'cmake_target_skip_unavailable': False, 'install_base': '/home/ryanl/4231/MTRN4231_Project/install/brain', 'merge_install': False, 'path': '/home/ryanl/4231/MTRN4231_Project/src/brain', 'symlink_install': False, 'test_result_base': None}[0m
[1.535s] [34mcolcon.colcon_core.verb[0m [1;30mLevel 5[0m set package 'custom_interfaces' build argument 'cmake_args' from command line to 'None'
[1.535s] [34mcolcon.colcon_core.verb[0m [1;30mLevel 5[0m set package 'custom_interfaces' build argument 'cmake_target' from command line to 'None'
[1.535s] [34mcolcon.colcon_core.verb[0m [1;30mLevel 5[0m set package 'custom_interfaces' build argument 'cmake_target_skip_unavailable' from command line to 'False'
[1.535s] [34mcolcon.colcon_core.verb[0m [1;30mLevel 5[0m set package 'custom_interfaces' build argument 'cmake_clean_cache' from command line to 'False'
[1.535s] [34mcolcon.colcon_core.verb[0m [1;30mLevel 5[0m set package 'custom_interfaces' build argument 'cmake_clean_first' from command line to 'False'
[1.535s] [34mcolcon.colcon_core.verb[0m [1;30mLevel 5[0m set package 'custom_interfaces' build argument 'cmake_force_configure' from command line to 'False'
[1.535s] [34mcolcon.colcon_core.verb[0m [1;30mLevel 5[0m set package 'custom_interfaces' build argument 'ament_cmake_args' from command line to 'None'
[1.535s] [34mcolcon.colcon_core.verb[0m [1;30mLevel 5[0m set package 'custom_interfaces' build argument 'catkin_cmake_args' from command line to 'None'
[1.536s] [34mcolcon.colcon_core.verb[0m [1;30mLevel 5[0m set package 'custom_interfaces' build argument 'catkin_skip_building_tests' from command line to 'False'
[1.536s] [34mcolcon.colcon_core.verb[0m [1;30mDEBUG[0m [32mBuilding package 'custom_interfaces' with the following arguments: {'ament_cmake_args': None, 'build_base': '/home/ryanl/4231/MTRN4231_Project/build/custom_interfaces', 'catkin_cmake_args': None, 'catkin_skip_building_tests': False, 'cmake_args': None, 'cmake_clean_cache': False, 'cmake_clean_first': False, 'cmake_force_configure': False, 'cmake_target': None, 'cmake_target_skip_unavailable': False, 'install_base': '/home/ryanl/4231/MTRN4231_Project/install/custom_interfaces', 'merge_install': False, 'path': '/home/ryanl/4231/MTRN4231_Project/src/custom_interfaces', 'symlink_install': False, 'test_result_base': None}[0m
[1.536s] [34mcolcon.colcon_core.verb[0m [1;30mLevel 5[0m set package 'end_effector_description' build argument 'cmake_args' from command line to 'None'
[1.536s] [34mcolcon.colcon_core.verb[0m [1;30mLevel 5[0m set package 'end_effector_description' build argument 'cmake_target' from command line to 'None'
[1.536s] [34mcolcon.colcon_core.verb[0m [1;30mLevel 5[0m set package 'end_effector_description' build argument 'cmake_target_skip_unavailable' from command line to 'False'
[1.536s] [34mcolcon.colcon_core.verb[0m [1;30mLevel 5[0m set package 'end_effector_description' build argument 'cmake_clean_cache' from command line to 'False'
[1.536s] [34mcolcon.colcon_core.verb[0m [1;30mLevel 5[0m set package 'end_effector_description' build argument 'cmake_clean_first' from command line to 'False'
[1.536s] [34mcolcon.colcon_core.verb[0m [1;30mLevel 5[0m set package 'end_effector_description' build argument 'cmake_force_configure' from command line to 'False'
[1.536s] [34mcolcon.colcon_core.verb[0m [1;30mLevel 5[0m set package 'end_effector_description' build argument 'ament_cmake_args' from command line to 'None'
[1.536s] [34mcolcon.colcon_core.verb[0m [1;30mLevel 5[0m set package 'end_effector_description' build argument 'catkin_cmake_args' from command line to 'None'
[1.536s] [34mcolcon.colcon_core.verb[0m [1;30mLevel 5[0m set package 'end_effector_description' build argument 'catkin_skip_building_tests' from command line to 'False'
[1.536s] [34mcolcon.colcon_core.verb[0m [1;30mDEBUG[0m [32mBuilding package 'end_effector_description' with the following arguments: {'ament_cmake_args': None, 'build_base': '/home/ryanl/4231/MTRN4231_Project/build/end_effector_description', 'catkin_cmake_args': None, 'catkin_skip_building_tests': False, 'cmake_args': None, 'cmake_clean_cache': False, 'cmake_clean_first': False, 'cmake_force_configure': False, 'cmake_target': None, 'cmake_target_skip_unavailable': False, 'install_base': '/home/ryanl/4231/MTRN4231_Project/install/end_effector_description', 'merge_install': False, 'path': '/home/ryanl/4231/MTRN4231_Project/src/end_effector_description', 'symlink_install': False, 'test_result_base': None}[0m
[1.537s] [34mcolcon.colcon_core.verb[0m [1;30mLevel 5[0m set package 'interfaces' build argument 'cmake_args' from command line to 'None'
[1.537s] [34mcolcon.colcon_core.verb[0m [1;30mLevel 5[0m set package 'interfaces' build argument 'cmake_target' from command line to 'None'
[1.537s] [34mcolcon.colcon_core.verb[0m [1;30mLevel 5[0m set package 'interfaces' build argument 'cmake_target_skip_unavailable' from command line to 'False'
[1.537s] [34mcolcon.colcon_core.verb[0m [1;30mLevel 5[0m set package 'interfaces' build argument 'cmake_clean_cache' from command line to 'False'
[1.537s] [34mcolcon.colcon_core.verb[0m [1;30mLevel 5[0m set package 'interfaces' build argument 'cmake_clean_first' from command line to 'False'
[1.537s] [34mcolcon.colcon_core.verb[0m [1;30mLevel 5[0m set package 'interfaces' build argument 'cmake_force_configure' from command line to 'False'
[1.537s] [34mcolcon.colcon_core.verb[0m [1;30mLevel 5[0m set package 'interfaces' build argument 'ament_cmake_args' from command line to 'None'
[1.537s] [34mcolcon.colcon_core.verb[0m [1;30mLevel 5[0m set package 'interfaces' build argument 'catkin_cmake_args' from command line to 'None'
[1.537s] [34mcolcon.colcon_core.verb[0m [1;30mLevel 5[0m set package 'interfaces' build argument 'catkin_skip_building_tests' from command line to 'False'
[1.537s] [34mcolcon.colcon_core.verb[0m [1;30mDEBUG[0m [32mBuilding package 'interfaces' with the following arguments: {'ament_cmake_args': None, 'build_base': '/home/ryanl/4231/MTRN4231_Project/build/interfaces', 'catkin_cmake_args': None, 'catkin_skip_building_tests': False, 'cmake_args': None, 'cmake_clean_cache': False, 'cmake_clean_first': False, 'cmake_force_configure': False, 'cmake_target': None, 'cmake_target_skip_unavailable': False, 'install_base': '/home/ryanl/4231/MTRN4231_Project/install/interfaces', 'merge_install': False, 'path': '/home/ryanl/4231/MTRN4231_Project/src/interfaces', 'symlink_install': False, 'test_result_base': None}[0m
[1.538s] [34mcolcon.colcon_core.verb[0m [1;30mLevel 5[0m set package 'move_to_marker' build argument 'cmake_args' from command line to 'None'
[1.538s] [34mcolcon.colcon_core.verb[0m [1;30mLevel 5[0m set package 'move_to_marker' build argument 'cmake_target' from command line to 'None'
[1.538s] [34mcolcon.colcon_core.verb[0m [1;30mLevel 5[0m set package 'move_to_marker' build argument 'cmake_target_skip_unavailable' from command line to 'False'
[1.538s] [34mcolcon.colcon_core.verb[0m [1;30mLevel 5[0m set package 'move_to_marker' build argument 'cmake_clean_cache' from command line to 'False'
[1.538s] [34mcolcon.colcon_core.verb[0m [1;30mLevel 5[0m set package 'move_to_marker' build argument 'cmake_clean_first' from command line to 'False'
[1.538s] [34mcolcon.colcon_core.verb[0m [1;30mLevel 5[0m set package 'move_to_marker' build argument 'cmake_force_configure' from command line to 'False'
[1.538s] [34mcolcon.colcon_core.verb[0m [1;30mLevel 5[0m set package 'move_to_marker' build argument 'ament_cmake_args' from command line to 'None'
[1.538s] [34mcolcon.colcon_core.verb[0m [1;30mLevel 5[0m set package 'move_to_marker' build argument 'catkin_cmake_args' from command line to 'None'
[1.538s] [34mcolcon.colcon_core.verb[0m [1;30mLevel 5[0m set package 'move_to_marker' build argument 'catkin_skip_building_tests' from command line to 'False'
[1.538s] [34mcolcon.colcon_core.verb[0m [1;30mDEBUG[0m [32mBuilding package 'move_to_marker' with the following arguments: {'ament_cmake_args': None, 'build_base': '/home/ryanl/4231/MTRN4231_Project/build/move_to_marker', 'catkin_cmake_args': None, 'catkin_skip_building_tests': False, 'cmake_args': None, 'cmake_clean_cache': False, 'cmake_clean_first': False, 'cmake_force_configure': False, 'cmake_target': None, 'cmake_target_skip_unavailable': False, 'install_base': '/home/ryanl/4231/MTRN4231_Project/install/move_to_marker', 'merge_install': False, 'path': '/home/ryanl/4231/MTRN4231_Project/src/move_to_marker', 'symlink_install': False, 'test_result_base': None}[0m
[1.539s] [34mcolcon.colcon_core.verb[0m [1;30mLevel 5[0m set package 'arm_controller' build argument 'cmake_args' from command line to 'None'
[1.539s] [34mcolcon.colcon_core.verb[0m [1;30mLevel 5[0m set package 'arm_controller' build argument 'cmake_target' from command line to 'None'
[1.539s] [34mcolcon.colcon_core.verb[0m [1;30mLevel 5[0m set package 'arm_controller' build argument 'cmake_target_skip_unavailable' from command line to 'False'
[1.539s] [34mcolcon.colcon_core.verb[0m [1;30mLevel 5[0m set package 'arm_controller' build argument 'cmake_clean_cache' from command line to 'False'
[1.539s] [34mcolcon.colcon_core.verb[0m [1;30mLevel 5[0m set package 'arm_controller' build argument 'cmake_clean_first' from command line to 'False'
[1.539s] [34mcolcon.colcon_core.verb[0m [1;30mLevel 5[0m set package 'arm_controller' build argument 'cmake_force_configure' from command line to 'False'
[1.539s] [34mcolcon.colcon_core.verb[0m [1;30mLevel 5[0m set package 'arm_controller' build argument 'ament_cmake_args' from command line to 'None'
[1.539s] [34mcolcon.colcon_core.verb[0m [1;30mLevel 5[0m set package 'arm_controller' build argument 'catkin_cmake_args' from command line to 'None'
[1.539s] [34mcolcon.colcon_core.verb[0m [1;30mLevel 5[0m set package 'arm_controller' build argument 'catkin_skip_building_tests' from command line to 'False'
[1.539s] [34mcolcon.colcon_core.verb[0m [1;30mDEBUG[0m [32mBuilding package 'arm_controller' with the following arguments: {'ament_cmake_args': None, 'build_base': '/home/ryanl/4231/MTRN4231_Project/build/arm_controller', 'catkin_cmake_args': None, 'catkin_skip_building_tests': False, 'cmake_args': None, 'cmake_clean_cache': False, 'cmake_clean_first': False, 'cmake_force_configure': False, 'cmake_target': None, 'cmake_target_skip_unavailable': False, 'install_base': '/home/ryanl/4231/MTRN4231_Project/install/arm_controller', 'merge_install': False, 'path': '/home/ryanl/4231/MTRN4231_Project/src/arm_controller', 'symlink_install': False, 'test_result_base': None}[0m
[1.539s] [34mcolcon.colcon_core.verb[0m [1;30mLevel 5[0m set package 'chess_master' build argument 'cmake_args' from command line to 'None'
[1.539s] [34mcolcon.colcon_core.verb[0m [1;30mLevel 5[0m set package 'chess_master' build argument 'cmake_target' from command line to 'None'
[1.539s] [34mcolcon.colcon_core.verb[0m [1;30mLevel 5[0m set package 'chess_master' build argument 'cmake_target_skip_unavailable' from command line to 'False'
[1.540s] [34mcolcon.colcon_core.verb[0m [1;30mLevel 5[0m set package 'chess_master' build argument 'cmake_clean_cache' from command line to 'False'
[1.540s] [34mcolcon.colcon_core.verb[0m [1;30mLevel 5[0m set package 'chess_master' build argument 'cmake_clean_first' from command line to 'False'
[1.540s] [34mcolcon.colcon_core.verb[0m [1;30mLevel 5[0m set package 'chess_master' build argument 'cmake_force_configure' from command line to 'False'
[1.540s] [34mcolcon.colcon_core.verb[0m [1;30mLevel 5[0m set package 'chess_master' build argument 'ament_cmake_args' from command line to 'None'
[1.540s] [34mcolcon.colcon_core.verb[0m [1;30mLevel 5[0m set package 'chess_master' build argument 'catkin_cmake_args' from command line to 'None'
[1.540s] [34mcolcon.colcon_core.verb[0m [1;30mLevel 5[0m set package 'chess_master' build argument 'catkin_skip_building_tests' from command line to 'False'
[1.540s] [34mcolcon.colcon_core.verb[0m [1;30mDEBUG[0m [32mBuilding package 'chess_master' with the following arguments: {'ament_cmake_args': None, 'build_base': '/home/ryanl/4231/MTRN4231_Project/build/chess_master', 'catkin_cmake_args': None, 'catkin_skip_building_tests': False, 'cmake_args': None, 'cmake_clean_cache': False, 'cmake_clean_first': False, 'cmake_force_configure': False, 'cmake_target': None, 'cmake_target_skip_unavailable': False, 'install_base': '/home/ryanl/4231/MTRN4231_Project/install/chess_master', 'merge_install': False, 'path': '/home/ryanl/4231/MTRN4231_Project/src/chess_master', 'symlink_install': False, 'test_result_base': None}[0m
[1.540s] [34mcolcon.colcon_core.verb[0m [1;30mLevel 5[0m set package 'gripper' build argument 'cmake_args' from command line to 'None'
[1.540s] [34mcolcon.colcon_core.verb[0m [1;30mLevel 5[0m set package 'gripper' build argument 'cmake_target' from command line to 'None'
[1.540s] [34mcolcon.colcon_core.verb[0m [1;30mLevel 5[0m set package 'gripper' build argument 'cmake_target_skip_unavailable' from command line to 'False'
[1.540s] [34mcolcon.colcon_core.verb[0m [1;30mLevel 5[0m set package 'gripper' build argument 'cmake_clean_cache' from command line to 'False'
[1.540s] [34mcolcon.colcon_core.verb[0m [1;30mLevel 5[0m set package 'gripper' build argument 'cmake_clean_first' from command line to 'False'
[1.540s] [34mcolcon.colcon_core.verb[0m [1;30mLevel 5[0m set package 'gripper' build argument 'cmake_force_configure' from command line to 'False'
[1.540s] [34mcolcon.colcon_core.verb[0m [1;30mLevel 5[0m set package 'gripper' build argument 'ament_cmake_args' from command line to 'None'
[1.541s] [34mcolcon.colcon_core.verb[0m [1;30mLevel 5[0m set package 'gripper' build argument 'catkin_cmake_args' from command line to 'None'
[1.541s] [34mcolcon.colcon_core.verb[0m [1;30mLevel 5[0m set package 'gripper' build argument 'catkin_skip_building_tests' from command line to 'False'
[1.541s] [34mcolcon.colcon_core.verb[0m [1;30mDEBUG[0m [32mBuilding package 'gripper' with the following arguments: {'ament_cmake_args': None, 'build_base': '/home/ryanl/4231/MTRN4231_Project/build/gripper', 'catkin_cmake_args': None, 'catkin_skip_building_tests': False, 'cmake_args': None, 'cmake_clean_cache': False, 'cmake_clean_first': False, 'cmake_force_configure': False, 'cmake_target': None, 'cmake_target_skip_unavailable': False, 'install_base': '/home/ryanl/4231/MTRN4231_Project/install/gripper', 'merge_install': False, 'path': '/home/ryanl/4231/MTRN4231_Project/src/gripper', 'symlink_install': False, 'test_result_base': None}[0m
[1.541s] [34mcolcon.colcon_core.verb[0m [1;30mLevel 5[0m set package 'ui' build argument 'cmake_args' from command line to 'None'
[1.541s] [34mcolcon.colcon_core.verb[0m [1;30mLevel 5[0m set package 'ui' build argument 'cmake_target' from command line to 'None'
[1.541s] [34mcolcon.colcon_core.verb[0m [1;30mLevel 5[0m set package 'ui' build argument 'cmake_target_skip_unavailable' from command line to 'False'
[1.541s] [34mcolcon.colcon_core.verb[0m [1;30mLevel 5[0m set package 'ui' build argument 'cmake_clean_cache' from command line to 'False'
[1.541s] [34mcolcon.colcon_core.verb[0m [1;30mLevel 5[0m set package 'ui' build argument 'cmake_clean_first' from command line to 'False'
[1.541s] [34mcolcon.colcon_core.verb[0m [1;30mLevel 5[0m set package 'ui' build argument 'cmake_force_configure' from command line to 'False'
[1.541s] [34mcolcon.colcon_core.verb[0m [1;30mLevel 5[0m set package 'ui' build argument 'ament_cmake_args' from command line to 'None'
[1.541s] [34mcolcon.colcon_core.verb[0m [1;30mLevel 5[0m set package 'ui' build argument 'catkin_cmake_args' from command line to 'None'
[1.541s] [34mcolcon.colcon_core.verb[0m [1;30mLevel 5[0m set package 'ui' build argument 'catkin_skip_building_tests' from command line to 'False'
[1.541s] [34mcolcon.colcon_core.verb[0m [1;30mDEBUG[0m [32mBuilding package 'ui' with the following arguments: {'ament_cmake_args': None, 'build_base': '/home/ryanl/4231/MTRN4231_Project/build/ui', 'catkin_cmake_args': None, 'catkin_skip_building_tests': False, 'cmake_args': None, 'cmake_clean_cache': False, 'cmake_clean_first': False, 'cmake_force_configure': False, 'cmake_target': None, 'cmake_target_skip_unavailable': False, 'install_base': '/home/ryanl/4231/MTRN4231_Project/install/ui', 'merge_install': False, 'path': '/home/ryanl/4231/MTRN4231_Project/src/ui', 'symlink_install': False, 'test_result_base': None}[0m
[1.542s] [34mcolcon.colcon_core.executor[0m [1;30mINFO[0m Executing jobs using 'parallel' executor
[1.543s] [34mcolcon.colcon_parallel_executor.executor.parallel[0m [1;30mDEBUG[0m [32mrun_until_complete[0m
[1.544s] [34mcolcon.colcon_ros.task.ament_cmake.build[0m [1;30mINFO[0m Building ROS package in '/home/ryanl/4231/MTRN4231_Project/src/custom_interfaces' with build type 'ament_cmake'
[1.545s] [34mcolcon.colcon_cmake.task.cmake.build[0m [1;30mINFO[0m Building CMake package in '/home/ryanl/4231/MTRN4231_Project/src/custom_interfaces'
[1.554s] [34mcolcon.colcon_core.plugin_system[0m [1;30mINFO[0m Skipping extension 'colcon_core.shell.bat': Not used on non-Windows systems
[1.554s] [34mcolcon.colcon_core.shell[0m [1;30mINFO[0m Skip shell extension 'powershell' for command environment: Not usable outside of PowerShell
[1.554s] [34mcolcon.colcon_core.shell[0m [1;30mDEBUG[0m [32mSkip shell extension 'dsv' for command environment[0m
[1.562s] [34mcolcon.colcon_ros.task.ament_cmake.build[0m [1;30mINFO[0m Building ROS package in '/home/ryanl/4231/MTRN4231_Project/src/interfaces' with build type 'ament_cmake'
[1.563s] [34mcolcon.colcon_cmake.task.cmake.build[0m [1;30mINFO[0m Building CMake package in '/home/ryanl/4231/MTRN4231_Project/src/interfaces'
[1.563s] [34mcolcon.colcon_core.shell[0m [1;30mINFO[0m Skip shell extension 'powershell' for command environment: Not usable outside of PowerShell
[1.563s] [34mcolcon.colcon_core.shell[0m [1;30mDEBUG[0m [32mSkip shell extension 'dsv' for command environment[0m
[1.572s] [34mcolcon.colcon_ros.task.ament_python.build[0m [1;30mINFO[0m Building ROS package in '/home/ryanl/4231/MTRN4231_Project/src/brain' with build type 'ament_python'
[1.572s] [34mcolcon.colcon_core.shell[0m [1;30mLevel 1[0m create_environment_hook('brain', 'ament_prefix_path')
[1.573s] [34mcolcon.colcon_core.shell[0m [1;30mINFO[0m Creating environment hook '/home/ryanl/4231/MTRN4231_Project/install/brain/share/brain/hook/ament_prefix_path.ps1'
[1.578s] [34mcolcon.colcon_core.shell[0m [1;30mINFO[0m Creating environment descriptor '/home/ryanl/4231/MTRN4231_Project/install/brain/share/brain/hook/ament_prefix_path.dsv'
[1.580s] [34mcolcon.colcon_core.shell[0m [1;30mINFO[0m Creating environment hook '/home/ryanl/4231/MTRN4231_Project/install/brain/share/brain/hook/ament_prefix_path.sh'
[1.582s] [34mcolcon.colcon_core.shell[0m [1;30mINFO[0m Skip shell extension 'powershell' for command environment: Not usable outside of PowerShell
[1.582s] [34mcolcon.colcon_core.shell[0m [1;30mDEBUG[0m [32mSkip shell extension 'dsv' for command environment[0m
[1.590s] [34mcolcon.colcon_ros.task.ament_cmake.build[0m [1;30mINFO[0m Building ROS package in '/home/ryanl/4231/MTRN4231_Project/src/end_effector_description' with build type 'ament_cmake'
[1.590s] [34mcolcon.colcon_cmake.task.cmake.build[0m [1;30mINFO[0m Building CMake package in '/home/ryanl/4231/MTRN4231_Project/src/end_effector_description'
[1.592s] [34mcolcon.colcon_core.shell[0m [1;30mINFO[0m Skip shell extension 'powershell' for command environment: Not usable outside of PowerShell
[1.592s] [34mcolcon.colcon_core.shell[0m [1;30mDEBUG[0m [32mSkip shell extension 'dsv' for command environment[0m
[1.598s] [34mcolcon.colcon_ros.task.ament_cmake.build[0m [1;30mINFO[0m Building ROS package in '/home/ryanl/4231/MTRN4231_Project/src/move_to_marker' with build type 'ament_cmake'
[1.599s] [34mcolcon.colcon_cmake.task.cmake.build[0m [1;30mINFO[0m Building CMake package in '/home/ryanl/4231/MTRN4231_Project/src/move_to_marker'
[1.599s] [34mcolcon.colcon_core.shell[0m [1;30mINFO[0m Skip shell extension 'powershell' for command environment: Not usable outside of PowerShell
[1.599s] [34mcolcon.colcon_core.shell[0m [1;30mDEBUG[0m [32mSkip shell extension 'dsv' for command environment[0m
[1.620s] [34mcolcon.colcon_core.event_handler.log_command[0m [1;30mDEBUG[0m [32mInvoking command in '/home/ryanl/4231/MTRN4231_Project/build/custom_interfaces': CMAKE_PREFIX_PATH=${CMAKE_PREFIX_PATH}:/opt/ros/humble /usr/bin/cmake /home/ryanl/4231/MTRN4231_Project/src/custom_interfaces -DCMAKE_INSTALL_PREFIX=/home/ryanl/4231/MTRN4231_Project/install/custom_interfaces[0m
[1.629s] [34mcolcon.colcon_core.event_handler.log_command[0m [1;30mDEBUG[0m [32mInvoking command in '/home/ryanl/4231/MTRN4231_Project/build/interfaces': CMAKE_PREFIX_PATH=${CMAKE_PREFIX_PATH}:/opt/ros/humble /usr/bin/cmake /home/ryanl/4231/MTRN4231_Project/src/interfaces -DCMAKE_INSTALL_PREFIX=/home/ryanl/4231/MTRN4231_Project/install/interfaces[0m
[2.111s] [34mcolcon.colcon_core.task.python.build[0m [1;30mINFO[0m Building Python package in '/home/ryanl/4231/MTRN4231_Project/src/brain'
[2.111s] [34mcolcon.colcon_core.shell[0m [1;30mINFO[0m Skip shell extension 'powershell' for command environment: Not usable outside of PowerShell
[2.111s] [34mcolcon.colcon_core.shell[0m [1;30mDEBUG[0m [32mSkip shell extension 'dsv' for command environment[0m
[2.129s] [34mcolcon.colcon_core.event_handler.log_command[0m [1;30mDEBUG[0m [32mInvoking command in '/home/ryanl/4231/MTRN4231_Project/build/end_effector_description': CMAKE_PREFIX_PATH=${CMAKE_PREFIX_PATH}:/opt/ros/humble /usr/bin/cmake /home/ryanl/4231/MTRN4231_Project/src/end_effector_description -DCMAKE_INSTALL_PREFIX=/home/ryanl/4231/MTRN4231_Project/install/end_effector_description[0m
[2.139s] [34mcolcon.colcon_core.event_handler.log_command[0m [1;30mDEBUG[0m [32mInvoking command in '/home/ryanl/4231/MTRN4231_Project/build/move_to_marker': CMAKE_PREFIX_PATH=${CMAKE_PREFIX_PATH}:/opt/ros/humble /usr/bin/cmake /home/ryanl/4231/MTRN4231_Project/src/move_to_marker -DCMAKE_INSTALL_PREFIX=/home/ryanl/4231/MTRN4231_Project/install/move_to_marker[0m
[6.178s] [34mcolcon.colcon_core.event_handler.log_command[0m [1;30mDEBUG[0m [32mInvoked command in '/home/ryanl/4231/MTRN4231_Project/build/end_effector_description' returned '0': CMAKE_PREFIX_PATH=${CMAKE_PREFIX_PATH}:/opt/ros/humble /usr/bin/cmake /home/ryanl/4231/MTRN4231_Project/src/end_effector_description -DCMAKE_INSTALL_PREFIX=/home/ryanl/4231/MTRN4231_Project/install/end_effector_description[0m
[6.182s] [34mcolcon.colcon_core.event_handler.log_command[0m [1;30mDEBUG[0m [32mInvoking command in '/home/ryanl/4231/MTRN4231_Project/build/end_effector_description': CMAKE_PREFIX_PATH=${CMAKE_PREFIX_PATH}:/opt/ros/humble /usr/bin/cmake --build /home/ryanl/4231/MTRN4231_Project/build/end_effector_description -- -j16 -l16[0m
[6.258s] [34mcolcon.colcon_core.event_handler.log_command[0m [1;30mDEBUG[0m [32mInvoked command in '/home/ryanl/4231/MTRN4231_Project/build/end_effector_description' returned '0': CMAKE_PREFIX_PATH=${CMAKE_PREFIX_PATH}:/opt/ros/humble /usr/bin/cmake --build /home/ryanl/4231/MTRN4231_Project/build/end_effector_description -- -j16 -l16[0m
[6.280s] [34mcolcon.colcon_core.event_handler.log_command[0m [1;30mDEBUG[0m [32mInvoking command in '/home/ryanl/4231/MTRN4231_Project/build/end_effector_description': CMAKE_PREFIX_PATH=${CMAKE_PREFIX_PATH}:/opt/ros/humble /usr/bin/cmake --install /home/ryanl/4231/MTRN4231_Project/build/end_effector_description[0m
[6.328s] [34mcolcon.colcon_core.environment[0m [1;30mLevel 1[0m create_environment_scripts_only(end_effector_description)
[6.329s] [34mcolcon.colcon_core.event_handler.log_command[0m [1;30mDEBUG[0m [32mInvoked command in '/home/ryanl/4231/MTRN4231_Project/build/end_effector_description' returned '0': CMAKE_PREFIX_PATH=${CMAKE_PREFIX_PATH}:/opt/ros/humble /usr/bin/cmake --install /home/ryanl/4231/MTRN4231_Project/build/end_effector_description[0m
[6.338s] [34mcolcon.colcon_core.environment[0m [1;30mLevel 1[0m checking '/home/ryanl/4231/MTRN4231_Project/install/end_effector_description' for CMake module files
[6.340s] [34mcolcon.colcon_core.environment[0m [1;30mLevel 1[0m checking '/home/ryanl/4231/MTRN4231_Project/install/end_effector_description' for CMake config files
[6.341s] [34mcolcon.colcon_core.shell[0m [1;30mLevel 1[0m create_environment_hook('end_effector_description', 'cmake_prefix_path')
[6.341s] [34mcolcon.colcon_core.shell[0m [1;30mINFO[0m Creating environment hook '/home/ryanl/4231/MTRN4231_Project/install/end_effector_description/share/end_effector_description/hook/cmake_prefix_path.ps1'
[6.342s] [34mcolcon.colcon_core.shell[0m [1;30mINFO[0m Creating environment descriptor '/home/ryanl/4231/MTRN4231_Project/install/end_effector_description/share/end_effector_description/hook/cmake_prefix_path.dsv'
[6.343s] [34mcolcon.colcon_core.shell[0m [1;30mINFO[0m Creating environment hook '/home/ryanl/4231/MTRN4231_Project/install/end_effector_description/share/end_effector_description/hook/cmake_prefix_path.sh'
[6.344s] [34mcolcon.colcon_core.environment[0m [1;30mLevel 1[0m checking '/home/ryanl/4231/MTRN4231_Project/install/end_effector_description/bin'
[6.344s] [34mcolcon.colcon_core.environment[0m [1;30mLevel 1[0m checking '/home/ryanl/4231/MTRN4231_Project/install/end_effector_description/lib/pkgconfig/end_effector_description.pc'
[6.345s] [34mcolcon.colcon_core.environment[0m [1;30mLevel 1[0m checking '/home/ryanl/4231/MTRN4231_Project/install/end_effector_description/lib/python3.10/site-packages'
[6.345s] [34mcolcon.colcon_core.environment[0m [1;30mLevel 1[0m checking '/home/ryanl/4231/MTRN4231_Project/install/end_effector_description/bin'
[6.346s] [34mcolcon.colcon_core.shell[0m [1;30mINFO[0m Creating package script '/home/ryanl/4231/MTRN4231_Project/install/end_effector_description/share/end_effector_description/package.ps1'
[6.347s] [34mcolcon.colcon_core.shell[0m [1;30mINFO[0m Creating package descriptor '/home/ryanl/4231/MTRN4231_Project/install/end_effector_description/share/end_effector_description/package.dsv'
[6.349s] [34mcolcon.colcon_core.shell[0m [1;30mINFO[0m Creating package script '/home/ryanl/4231/MTRN4231_Project/install/end_effector_description/share/end_effector_description/package.sh'
[6.350s] [34mcolcon.colcon_core.shell[0m [1;30mINFO[0m Creating package script '/home/ryanl/4231/MTRN4231_Project/install/end_effector_description/share/end_effector_description/package.bash'
[6.352s] [34mcolcon.colcon_core.shell[0m [1;30mINFO[0m Creating package script '/home/ryanl/4231/MTRN4231_Project/install/end_effector_description/share/end_effector_description/package.zsh'
[6.354s] [34mcolcon.colcon_core.environment[0m [1;30mLevel 1[0m create_file_with_runtime_dependencies(/home/ryanl/4231/MTRN4231_Project/install/end_effector_description/share/colcon-core/packages/end_effector_description)
[6.355s] [34mcolcon.colcon_core.environment[0m [1;30mLevel 1[0m create_environment_scripts_only(end_effector_description)
[6.355s] [34mcolcon.colcon_core.environment[0m [1;30mLevel 1[0m checking '/home/ryanl/4231/MTRN4231_Project/install/end_effector_description' for CMake module files
[6.356s] [34mcolcon.colcon_core.environment[0m [1;30mLevel 1[0m checking '/home/ryanl/4231/MTRN4231_Project/install/end_effector_description' for CMake config files
[6.357s] [34mcolcon.colcon_core.shell[0m [1;30mLevel 1[0m create_environment_hook('end_effector_description', 'cmake_prefix_path')
[6.357s] [34mcolcon.colcon_core.shell[0m [1;30mINFO[0m Creating environment hook '/home/ryanl/4231/MTRN4231_Project/install/end_effector_description/share/end_effector_description/hook/cmake_prefix_path.ps1'
[6.358s] [34mcolcon.colcon_core.shell[0m [1;30mINFO[0m Creating environment descriptor '/home/ryanl/4231/MTRN4231_Project/install/end_effector_description/share/end_effector_description/hook/cmake_prefix_path.dsv'
[6.359s] [34mcolcon.colcon_core.shell[0m [1;30mINFO[0m Creating environment hook '/home/ryanl/4231/MTRN4231_Project/install/end_effector_description/share/end_effector_description/hook/cmake_prefix_path.sh'
[6.360s] [34mcolcon.colcon_core.environment[0m [1;30mLevel 1[0m checking '/home/ryanl/4231/MTRN4231_Project/install/end_effector_description/bin'
[6.360s] [34mcolcon.colcon_core.environment[0m [1;30mLevel 1[0m checking '/home/ryanl/4231/MTRN4231_Project/install/end_effector_description/lib/pkgconfig/end_effector_description.pc'
[6.360s] [34mcolcon.colcon_core.environment[0m [1;30mLevel 1[0m checking '/home/ryanl/4231/MTRN4231_Project/install/end_effector_description/lib/python3.10/site-packages'
[6.361s] [34mcolcon.colcon_core.environment[0m [1;30mLevel 1[0m checking '/home/ryanl/4231/MTRN4231_Project/install/end_effector_description/bin'
[6.361s] [34mcolcon.colcon_core.shell[0m [1;30mINFO[0m Creating package script '/home/ryanl/4231/MTRN4231_Project/install/end_effector_description/share/end_effector_description/package.ps1'
[6.362s] [34mcolcon.colcon_core.shell[0m [1;30mINFO[0m Creating package descriptor '/home/ryanl/4231/MTRN4231_Project/install/end_effector_description/share/end_effector_description/package.dsv'
[6.363s] [34mcolcon.colcon_core.shell[0m [1;30mINFO[0m Creating package script '/home/ryanl/4231/MTRN4231_Project/install/end_effector_description/share/end_effector_description/package.sh'
[6.364s] [34mcolcon.colcon_core.shell[0m [1;30mINFO[0m Creating package script '/home/ryanl/4231/MTRN4231_Project/install/end_effector_description/share/end_effector_description/package.bash'
[6.364s] [34mcolcon.colcon_core.shell[0m [1;30mINFO[0m Creating package script '/home/ryanl/4231/MTRN4231_Project/install/end_effector_description/share/end_effector_description/package.zsh'
[6.365s] [34mcolcon.colcon_core.environment[0m [1;30mLevel 1[0m create_file_with_runtime_dependencies(/home/ryanl/4231/MTRN4231_Project/install/end_effector_description/share/colcon-core/packages/end_effector_description)
[6.773s] [34mcolcon.colcon_core.event_handler.log_command[0m [1;30mDEBUG[0m [32mInvoking command in '/home/ryanl/4231/MTRN4231_Project/src/brain': PYTHONPATH=/home/ryanl/4231/MTRN4231_Project/build/brain/prefix_override:/usr/lib/python3/dist-packages/colcon_core/task/python/colcon_distutils_commands:/home/ryanl/4231/MTRN4231_Project/install/brain/lib/python3.10/site-packages:${PYTHONPATH} /usr/bin/python3 -W ignore:setup.py install is deprecated -W ignore:easy_install command is deprecated setup.py egg_info --egg-base ../../build/brain build --build-base /home/ryanl/4231/MTRN4231_Project/build/brain/build install --record /home/ryanl/4231/MTRN4231_Project/build/brain/install.log --single-version-externally-managed install_data[0m
[7.273s] [34mcolcon.colcon_core.environment[0m [1;30mLevel 1[0m checking '/home/ryanl/4231/MTRN4231_Project/install/brain' for CMake module files
[7.275s] [34mcolcon.colcon_core.event_handler.log_command[0m [1;30mDEBUG[0m [32mInvoked command in '/home/ryanl/4231/MTRN4231_Project/src/brain' returned '0': PYTHONPATH=/home/ryanl/4231/MTRN4231_Project/build/brain/prefix_override:/usr/lib/python3/dist-packages/colcon_core/task/python/colcon_distutils_commands:/home/ryanl/4231/MTRN4231_Project/install/brain/lib/python3.10/site-packages:${PYTHONPATH} /usr/bin/python3 -W ignore:setup.py install is deprecated -W ignore:easy_install command is deprecated setup.py egg_info --egg-base ../../build/brain build --build-base /home/ryanl/4231/MTRN4231_Project/build/brain/build install --record /home/ryanl/4231/MTRN4231_Project/build/brain/install.log --single-version-externally-managed install_data[0m
[7.275s] [34mcolcon.colcon_core.environment[0m [1;30mLevel 1[0m checking '/home/ryanl/4231/MTRN4231_Project/install/brain' for CMake config files
[7.276s] [34mcolcon.colcon_core.environment[0m [1;30mLevel 1[0m checking '/home/ryanl/4231/MTRN4231_Project/install/brain/lib'
[7.277s] [34mcolcon.colcon_core.environment[0m [1;30mLevel 1[0m checking '/home/ryanl/4231/MTRN4231_Project/install/brain/bin'
[7.277s] [34mcolcon.colcon_core.environment[0m [1;30mLevel 1[0m checking '/home/ryanl/4231/MTRN4231_Project/install/brain/lib/pkgconfig/brain.pc'
[7.277s] [34mcolcon.colcon_core.environment[0m [1;30mLevel 1[0m checking '/home/ryanl/4231/MTRN4231_Project/install/brain/lib/python3.10/site-packages'
[7.277s] [34mcolcon.colcon_core.shell[0m [1;30mLevel 1[0m create_environment_hook('brain', 'pythonpath')
[7.278s] [34mcolcon.colcon_core.shell[0m [1;30mINFO[0m Creating environment hook '/home/ryanl/4231/MTRN4231_Project/install/brain/share/brain/hook/pythonpath.ps1'
[7.279s] [34mcolcon.colcon_core.shell[0m [1;30mINFO[0m Creating environment descriptor '/home/ryanl/4231/MTRN4231_Project/install/brain/share/brain/hook/pythonpath.dsv'
[7.279s] [34mcolcon.colcon_core.shell[0m [1;30mINFO[0m Creating environment hook '/home/ryanl/4231/MTRN4231_Project/install/brain/share/brain/hook/pythonpath.sh'
[7.280s] [34mcolcon.colcon_core.environment[0m [1;30mLevel 1[0m checking '/home/ryanl/4231/MTRN4231_Project/install/brain/bin'
[7.280s] [34mcolcon.colcon_core.environment[0m [1;30mLevel 1[0m create_environment_scripts_only(brain)
[7.281s] [34mcolcon.colcon_core.shell[0m [1;30mINFO[0m Creating package script '/home/ryanl/4231/MTRN4231_Project/install/brain/share/brain/package.ps1'
[7.282s] [34mcolcon.colcon_core.shell[0m [1;30mINFO[0m Creating package descriptor '/home/ryanl/4231/MTRN4231_Project/install/brain/share/brain/package.dsv'
[7.282s] [34mcolcon.colcon_core.shell[0m [1;30mINFO[0m Creating package script '/home/ryanl/4231/MTRN4231_Project/install/brain/share/brain/package.sh'
[7.283s] [34mcolcon.colcon_core.shell[0m [1;30mINFO[0m Creating package script '/home/ryanl/4231/MTRN4231_Project/install/brain/share/brain/package.bash'
[7.284s] [34mcolcon.colcon_core.shell[0m [1;30mINFO[0m Creating package script '/home/ryanl/4231/MTRN4231_Project/install/brain/share/brain/package.zsh'
[7.284s] [34mcolcon.colcon_core.environment[0m [1;30mLevel 1[0m create_file_with_runtime_dependencies(/home/ryanl/4231/MTRN4231_Project/install/brain/share/colcon-core/packages/brain)
[8.059s] [34mcolcon.colcon_core.event_handler.log_command[0m [1;30mDEBUG[0m [32mInvoked command in '/home/ryanl/4231/MTRN4231_Project/build/custom_interfaces' returned '0': CMAKE_PREFIX_PATH=${CMAKE_PREFIX_PATH}:/opt/ros/humble /usr/bin/cmake /home/ryanl/4231/MTRN4231_Project/src/custom_interfaces -DCMAKE_INSTALL_PREFIX=/home/ryanl/4231/MTRN4231_Project/install/custom_interfaces[0m
[8.062s] [34mcolcon.colcon_core.event_handler.log_command[0m [1;30mDEBUG[0m [32mInvoking command in '/home/ryanl/4231/MTRN4231_Project/build/custom_interfaces': CMAKE_PREFIX_PATH=${CMAKE_PREFIX_PATH}:/opt/ros/humble /usr/bin/cmake --build /home/ryanl/4231/MTRN4231_Project/build/custom_interfaces -- -j16 -l16[0m
[11.260s] [34mcolcon.colcon_core.event_handler.log_command[0m [1;30mDEBUG[0m [32mInvoked command in '/home/ryanl/4231/MTRN4231_Project/build/custom_interfaces' returned '0': CMAKE_PREFIX_PATH=${CMAKE_PREFIX_PATH}:/opt/ros/humble /usr/bin/cmake --build /home/ryanl/4231/MTRN4231_Project/build/custom_interfaces -- -j16 -l16[0m
[11.264s] [34mcolcon.colcon_core.event_handler.log_command[0m [1;30mDEBUG[0m [32mInvoking command in '/home/ryanl/4231/MTRN4231_Project/build/custom_interfaces': CMAKE_PREFIX_PATH=${CMAKE_PREFIX_PATH}:/opt/ros/humble /usr/bin/cmake --install /home/ryanl/4231/MTRN4231_Project/build/custom_interfaces[0m
[11.468s] [34mcolcon.colcon_core.environment[0m [1;30mLevel 1[0m create_environment_scripts_only(custom_interfaces)
[11.469s] [34mcolcon.colcon_core.environment[0m [1;30mLevel 1[0m checking '/home/ryanl/4231/MTRN4231_Project/install/custom_interfaces' for CMake module files
[11.469s] [34mcolcon.colcon_core.event_handler.log_command[0m [1;30mDEBUG[0m [32mInvoked command in '/home/ryanl/4231/MTRN4231_Project/build/custom_interfaces' returned '0': CMAKE_PREFIX_PATH=${CMAKE_PREFIX_PATH}:/opt/ros/humble /usr/bin/cmake --install /home/ryanl/4231/MTRN4231_Project/build/custom_interfaces[0m
[11.471s] [34mcolcon.colcon_core.environment[0m [1;30mLevel 1[0m checking '/home/ryanl/4231/MTRN4231_Project/install/custom_interfaces' for CMake config files
[11.474s] [34mcolcon.colcon_core.shell[0m [1;30mLevel 1[0m create_environment_hook('custom_interfaces', 'cmake_prefix_path')
[11.474s] [34mcolcon.colcon_core.shell[0m [1;30mINFO[0m Creating environment hook '/home/ryanl/4231/MTRN4231_Project/install/custom_interfaces/share/custom_interfaces/hook/cmake_prefix_path.ps1'
[11.475s] [34mcolcon.colcon_core.shell[0m [1;30mINFO[0m Creating environment descriptor '/home/ryanl/4231/MTRN4231_Project/install/custom_interfaces/share/custom_interfaces/hook/cmake_prefix_path.dsv'
[11.475s] [34mcolcon.colcon_core.shell[0m [1;30mINFO[0m Creating environment hook '/home/ryanl/4231/MTRN4231_Project/install/custom_interfaces/share/custom_interfaces/hook/cmake_prefix_path.sh'
[11.476s] [34mcolcon.colcon_core.environment[0m [1;30mLevel 1[0m checking '/home/ryanl/4231/MTRN4231_Project/install/custom_interfaces/lib'
[11.476s] [34mcolcon.colcon_core.shell[0m [1;30mLevel 1[0m create_environment_hook('custom_interfaces', 'ld_library_path_lib')
[11.477s] [34mcolcon.colcon_core.shell[0m [1;30mINFO[0m Creating environment hook '/home/ryanl/4231/MTRN4231_Project/install/custom_interfaces/share/custom_interfaces/hook/ld_library_path_lib.ps1'
[11.477s] [34mcolcon.colcon_core.shell[0m [1;30mINFO[0m Creating environment descriptor '/home/ryanl/4231/MTRN4231_Project/install/custom_interfaces/share/custom_interfaces/hook/ld_library_path_lib.dsv'
[11.478s] [34mcolcon.colcon_core.shell[0m [1;30mINFO[0m Creating environment hook '/home/ryanl/4231/MTRN4231_Project/install/custom_interfaces/share/custom_interfaces/hook/ld_library_path_lib.sh'
[11.479s] [34mcolcon.colcon_core.environment[0m [1;30mLevel 1[0m checking '/home/ryanl/4231/MTRN4231_Project/install/custom_interfaces/bin'
[11.479s] [34mcolcon.colcon_core.environment[0m [1;30mLevel 1[0m checking '/home/ryanl/4231/MTRN4231_Project/install/custom_interfaces/lib/pkgconfig/custom_interfaces.pc'
[11.479s] [34mcolcon.colcon_core.environment[0m [1;30mLevel 1[0m checking '/home/ryanl/4231/MTRN4231_Project/install/custom_interfaces/lib/python3.10/site-packages'
[11.479s] [34mcolcon.colcon_core.environment[0m [1;30mLevel 1[0m checking '/home/ryanl/4231/MTRN4231_Project/install/custom_interfaces/bin'
[11.480s] [34mcolcon.colcon_core.shell[0m [1;30mINFO[0m Creating package script '/home/ryanl/4231/MTRN4231_Project/install/custom_interfaces/share/custom_interfaces/package.ps1'
[11.480s] [34mcolcon.colcon_core.shell[0m [1;30mINFO[0m Creating package descriptor '/home/ryanl/4231/MTRN4231_Project/install/custom_interfaces/share/custom_interfaces/package.dsv'
[11.482s] [34mcolcon.colcon_core.shell[0m [1;30mINFO[0m Creating package script '/home/ryanl/4231/MTRN4231_Project/install/custom_interfaces/share/custom_interfaces/package.sh'
[11.482s] [34mcolcon.colcon_core.shell[0m [1;30mINFO[0m Creating package script '/home/ryanl/4231/MTRN4231_Project/install/custom_interfaces/share/custom_interfaces/package.bash'
[11.483s] [34mcolcon.colcon_core.shell[0m [1;30mINFO[0m Creating package script '/home/ryanl/4231/MTRN4231_Project/install/custom_interfaces/share/custom_interfaces/package.zsh'
[11.484s] [34mcolcon.colcon_core.environment[0m [1;30mLevel 1[0m create_file_with_runtime_dependencies(/home/ryanl/4231/MTRN4231_Project/install/custom_interfaces/share/colcon-core/packages/custom_interfaces)
[11.485s] [34mcolcon.colcon_core.environment[0m [1;30mLevel 1[0m create_environment_scripts_only(custom_interfaces)
[11.485s] [34mcolcon.colcon_core.environment[0m [1;30mLevel 1[0m checking '/home/ryanl/4231/MTRN4231_Project/install/custom_interfaces' for CMake module files
[11.487s] [34mcolcon.colcon_core.environment[0m [1;30mLevel 1[0m checking '/home/ryanl/4231/MTRN4231_Project/install/custom_interfaces' for CMake config files
[11.488s] [34mcolcon.colcon_core.shell[0m [1;30mLevel 1[0m create_environment_hook('custom_interfaces', 'cmake_prefix_path')
[11.489s] [34mcolcon.colcon_core.shell[0m [1;30mINFO[0m Creating environment hook '/home/ryanl/4231/MTRN4231_Project/install/custom_interfaces/share/custom_interfaces/hook/cmake_prefix_path.ps1'
[11.490s] [34mcolcon.colcon_core.shell[0m [1;30mINFO[0m Creating environment descriptor '/home/ryanl/4231/MTRN4231_Project/install/custom_interfaces/share/custom_interfaces/hook/cmake_prefix_path.dsv'
[11.491s] [34mcolcon.colcon_core.shell[0m [1;30mINFO[0m Creating environment hook '/home/ryanl/4231/MTRN4231_Project/install/custom_interfaces/share/custom_interfaces/hook/cmake_prefix_path.sh'
[11.492s] [34mcolcon.colcon_core.environment[0m [1;30mLevel 1[0m checking '/home/ryanl/4231/MTRN4231_Project/install/custom_interfaces/lib'
[11.492s] [34mcolcon.colcon_core.shell[0m [1;30mLevel 1[0m create_environment_hook('custom_interfaces', 'ld_library_path_lib')
[11.492s] [34mcolcon.colcon_core.shell[0m [1;30mINFO[0m Creating environment hook '/home/ryanl/4231/MTRN4231_Project/install/custom_interfaces/share/custom_interfaces/hook/ld_library_path_lib.ps1'
[11.493s] [34mcolcon.colcon_core.shell[0m [1;30mINFO[0m Creating environment descriptor '/home/ryanl/4231/MTRN4231_Project/install/custom_interfaces/share/custom_interfaces/hook/ld_library_path_lib.dsv'
[11.494s] [34mcolcon.colcon_core.shell[0m [1;30mINFO[0m Creating environment hook '/home/ryanl/4231/MTRN4231_Project/install/custom_interfaces/share/custom_interfaces/hook/ld_library_path_lib.sh'
[11.495s] [34mcolcon.colcon_core.environment[0m [1;30mLevel 1[0m checking '/home/ryanl/4231/MTRN4231_Project/install/custom_interfaces/bin'
[11.495s] [34mcolcon.colcon_core.environment[0m [1;30mLevel 1[0m checking '/home/ryanl/4231/MTRN4231_Project/install/custom_interfaces/lib/pkgconfig/custom_interfaces.pc'
[11.495s] [34mcolcon.colcon_core.environment[0m [1;30mLevel 1[0m checking '/home/ryanl/4231/MTRN4231_Project/install/custom_interfaces/lib/python3.10/site-packages'
[11.496s] [34mcolcon.colcon_core.environment[0m [1;30mLevel 1[0m checking '/home/ryanl/4231/MTRN4231_Project/install/custom_interfaces/bin'
[11.496s] [34mcolcon.colcon_core.shell[0m [1;30mINFO[0m Creating package script '/home/ryanl/4231/MTRN4231_Project/install/custom_interfaces/share/custom_interfaces/package.ps1'
[11.497s] [34mcolcon.colcon_core.shell[0m [1;30mINFO[0m Creating package descriptor '/home/ryanl/4231/MTRN4231_Project/install/custom_interfaces/share/custom_interfaces/package.dsv'
[11.498s] [34mcolcon.colcon_core.shell[0m [1;30mINFO[0m Creating package script '/home/ryanl/4231/MTRN4231_Project/install/custom_interfaces/share/custom_interfaces/package.sh'
[11.499s] [34mcolcon.colcon_core.shell[0m [1;30mINFO[0m Creating package script '/home/ryanl/4231/MTRN4231_Project/install/custom_interfaces/share/custom_interfaces/package.bash'
[11.500s] [34mcolcon.colcon_core.shell[0m [1;30mINFO[0m Creating package script '/home/ryanl/4231/MTRN4231_Project/install/custom_interfaces/share/custom_interfaces/package.zsh'
[11.501s] [34mcolcon.colcon_core.environment[0m [1;30mLevel 1[0m create_file_with_runtime_dependencies(/home/ryanl/4231/MTRN4231_Project/install/custom_interfaces/share/colcon-core/packages/custom_interfaces)
[11.501s] [34mcolcon.colcon_ros.task.ament_cmake.build[0m [1;30mINFO[0m Building ROS package in '/home/ryanl/4231/MTRN4231_Project/src/arm_controller' with build type 'ament_cmake'
[11.502s] [34mcolcon.colcon_cmake.task.cmake.build[0m [1;30mINFO[0m Building CMake package in '/home/ryanl/4231/MTRN4231_Project/src/arm_controller'
[11.502s] [34mcolcon.colcon_core.shell[0m [1;30mINFO[0m Skip shell extension 'powershell' for command environment: Not usable outside of PowerShell
[11.502s] [34mcolcon.colcon_core.shell[0m [1;30mDEBUG[0m [32mSkip shell extension 'dsv' for command environment[0m
[11.509s] [34mcolcon.colcon_ros.task.ament_python.build[0m [1;30mINFO[0m Building ROS package in '/home/ryanl/4231/MTRN4231_Project/src/gripper' with build type 'ament_python'
[11.509s] [34mcolcon.colcon_core.shell[0m [1;30mLevel 1[0m create_environment_hook('gripper', 'ament_prefix_path')
[11.510s] [34mcolcon.colcon_core.shell[0m [1;30mINFO[0m Creating environment hook '/home/ryanl/4231/MTRN4231_Project/install/gripper/share/gripper/hook/ament_prefix_path.ps1'
[11.511s] [34mcolcon.colcon_core.shell[0m [1;30mINFO[0m Creating environment descriptor '/home/ryanl/4231/MTRN4231_Project/install/gripper/share/gripper/hook/ament_prefix_path.dsv'
[11.511s] [34mcolcon.colcon_core.shell[0m [1;30mINFO[0m Creating environment hook '/home/ryanl/4231/MTRN4231_Project/install/gripper/share/gripper/hook/ament_prefix_path.sh'
[11.512s] [34mcolcon.colcon_core.shell[0m [1;30mINFO[0m Skip shell extension 'powershell' for command environment: Not usable outside of PowerShell
[11.512s] [34mcolcon.colcon_core.shell[0m [1;30mDEBUG[0m [32mSkip shell extension 'dsv' for command environment[0m
[11.757s] [34mcolcon.colcon_core.event_handler.log_command[0m [1;30mDEBUG[0m [32mInvoking command in '/home/ryanl/4231/MTRN4231_Project/build/arm_controller': CMAKE_PREFIX_PATH=/home/ryanl/4231/MTRN4231_Project/install/custom_interfaces:/home/ryanl/4231/MTRN4231_Project/install/move_to_marker:/home/ryanl/4231/MTRN4231_Project/install/end_effector_description:/home/ryanl/4231/MTRN4231_Project/install/arm_controller:/opt/ros/humble /usr/bin/cmake /home/ryanl/4231/MTRN4231_Project/src/arm_controller -DCMAKE_INSTALL_PREFIX=/home/ryanl/4231/MTRN4231_Project/install/arm_controller[0m
[12.197s] [34mcolcon.colcon_core.task.python.build[0m [1;30mINFO[0m Building Python package in '/home/ryanl/4231/MTRN4231_Project/src/gripper'
[12.197s] [34mcolcon.colcon_core.shell[0m [1;30mINFO[0m Skip shell extension 'powershell' for command environment: Not usable outside of PowerShell
[12.197s] [34mcolcon.colcon_core.shell[0m [1;30mDEBUG[0m [32mSkip shell extension 'dsv' for command environment[0m
[12.206s] [34mcolcon.colcon_core.event_handler.log_command[0m [1;30mDEBUG[0m [32mInvoked command in '/home/ryanl/4231/MTRN4231_Project/build/interfaces' returned '0': CMAKE_PREFIX_PATH=${CMAKE_PREFIX_PATH}:/opt/ros/humble /usr/bin/cmake /home/ryanl/4231/MTRN4231_Project/src/interfaces -DCMAKE_INSTALL_PREFIX=/home/ryanl/4231/MTRN4231_Project/install/interfaces[0m
[12.208s] [34mcolcon.colcon_core.event_handler.log_command[0m [1;30mDEBUG[0m [32mInvoking command in '/home/ryanl/4231/MTRN4231_Project/build/interfaces': CMAKE_PREFIX_PATH=${CMAKE_PREFIX_PATH}:/opt/ros/humble /usr/bin/cmake --build /home/ryanl/4231/MTRN4231_Project/build/interfaces -- -j16 -l16[0m
[13.088s] [34mcolcon.colcon_core.event_handler.log_command[0m [1;30mDEBUG[0m [32mInvoking command in '/home/ryanl/4231/MTRN4231_Project/build/gripper': CMAKE_PREFIX_PATH=/home/ryanl/4231/MTRN4231_Project/install/custom_interfaces:/home/ryanl/4231/MTRN4231_Project/install/move_to_marker:/home/ryanl/4231/MTRN4231_Project/install/end_effector_description:/home/ryanl/4231/MTRN4231_Project/install/arm_controller PYTHONPATH=/home/ryanl/4231/MTRN4231_Project/build/gripper/prefix_override:/usr/lib/python3/dist-packages/colcon_core/task/python/colcon_distutils_commands:/home/ryanl/4231/MTRN4231_Project/install/gripper/lib/python3.10/site-packages:${PYTHONPATH} /usr/bin/python3 -W ignore:setup.py install is deprecated -W ignore:easy_install command is deprecated setup.py develop --uninstall --editable --build-directory /home/ryanl/4231/MTRN4231_Project/build/gripper/build[0m
[14.077s] [34mcolcon.colcon_core.event_handler.log_command[0m [1;30mDEBUG[0m [32mInvoked command in '/home/ryanl/4231/MTRN4231_Project/build/gripper' returned '0': CMAKE_PREFIX_PATH=/home/ryanl/4231/MTRN4231_Project/install/custom_interfaces:/home/ryanl/4231/MTRN4231_Project/install/move_to_marker:/home/ryanl/4231/MTRN4231_Project/install/end_effector_description:/home/ryanl/4231/MTRN4231_Project/install/arm_controller PYTHONPATH=/home/ryanl/4231/MTRN4231_Project/build/gripper/prefix_override:/usr/lib/python3/dist-packages/colcon_core/task/python/colcon_distutils_commands:/home/ryanl/4231/MTRN4231_Project/install/gripper/lib/python3.10/site-packages:${PYTHONPATH} /usr/bin/python3 -W ignore:setup.py install is deprecated -W ignore:easy_install command is deprecated setup.py develop --uninstall --editable --build-directory /home/ryanl/4231/MTRN4231_Project/build/gripper/build[0m
[14.080s] [34mcolcon.colcon_core.event_handler.log_command[0m [1;30mDEBUG[0m [32mInvoking command in '/home/ryanl/4231/MTRN4231_Project/src/gripper': CMAKE_PREFIX_PATH=/home/ryanl/4231/MTRN4231_Project/install/custom_interfaces:/home/ryanl/4231/MTRN4231_Project/install/move_to_marker:/home/ryanl/4231/MTRN4231_Project/install/end_effector_description:/home/ryanl/4231/MTRN4231_Project/install/arm_controller PYTHONPATH=/home/ryanl/4231/MTRN4231_Project/build/gripper/prefix_override:/usr/lib/python3/dist-packages/colcon_core/task/python/colcon_distutils_commands:/home/ryanl/4231/MTRN4231_Project/install/gripper/lib/python3.10/site-packages:${PYTHONPATH} /usr/bin/python3 -W ignore:setup.py install is deprecated -W ignore:easy_install command is deprecated setup.py egg_info --egg-base ../../build/gripper build --build-base /home/ryanl/4231/MTRN4231_Project/build/gripper/build install --record /home/ryanl/4231/MTRN4231_Project/build/gripper/install.log --single-version-externally-managed install_data --force[0m
[14.597s] [34mcolcon.colcon_core.environment[0m [1;30mLevel 1[0m checking '/home/ryanl/4231/MTRN4231_Project/install/gripper' for CMake module files
[14.599s] [34mcolcon.colcon_core.event_handler.log_command[0m [1;30mDEBUG[0m [32mInvoked command in '/home/ryanl/4231/MTRN4231_Project/src/gripper' returned '0': CMAKE_PREFIX_PATH=/home/ryanl/4231/MTRN4231_Project/install/custom_interfaces:/home/ryanl/4231/MTRN4231_Project/install/move_to_marker:/home/ryanl/4231/MTRN4231_Project/install/end_effector_description:/home/ryanl/4231/MTRN4231_Project/install/arm_controller PYTHONPATH=/home/ryanl/4231/MTRN4231_Project/build/gripper/prefix_override:/usr/lib/python3/dist-packages/colcon_core/task/python/colcon_distutils_commands:/home/ryanl/4231/MTRN4231_Project/install/gripper/lib/python3.10/site-packages:${PYTHONPATH} /usr/bin/python3 -W ignore:setup.py install is deprecated -W ignore:easy_install command is deprecated setup.py egg_info --egg-base ../../build/gripper build --build-base /home/ryanl/4231/MTRN4231_Project/build/gripper/build install --record /home/ryanl/4231/MTRN4231_Project/build/gripper/install.log --single-version-externally-managed install_data --force[0m
[14.600s] [34mcolcon.colcon_core.environment[0m [1;30mLevel 1[0m checking '/home/ryanl/4231/MTRN4231_Project/install/gripper' for CMake config files
[14.603s] [34mcolcon.colcon_core.environment[0m [1;30mLevel 1[0m checking '/home/ryanl/4231/MTRN4231_Project/install/gripper/lib'
[14.604s] [34mcolcon.colcon_core.environment[0m [1;30mLevel 1[0m checking '/home/ryanl/4231/MTRN4231_Project/install/gripper/bin'
[14.604s] [34mcolcon.colcon_core.environment[0m [1;30mLevel 1[0m checking '/home/ryanl/4231/MTRN4231_Project/install/gripper/lib/pkgconfig/gripper.pc'
[14.604s] [34mcolcon.colcon_core.environment[0m [1;30mLevel 1[0m checking '/home/ryanl/4231/MTRN4231_Project/install/gripper/lib/python3.10/site-packages'
[14.604s] [34mcolcon.colcon_core.shell[0m [1;30mLevel 1[0m create_environment_hook('gripper', 'pythonpath')
[14.605s] [34mcolcon.colcon_core.shell[0m [1;30mINFO[0m Creating environment hook '/home/ryanl/4231/MTRN4231_Project/install/gripper/share/gripper/hook/pythonpath.ps1'
[14.606s] [34mcolcon.colcon_core.shell[0m [1;30mINFO[0m Creating environment descriptor '/home/ryanl/4231/MTRN4231_Project/install/gripper/share/gripper/hook/pythonpath.dsv'
[14.607s] [34mcolcon.colcon_core.shell[0m [1;30mINFO[0m Creating environment hook '/home/ryanl/4231/MTRN4231_Project/install/gripper/share/gripper/hook/pythonpath.sh'
[14.608s] [34mcolcon.colcon_core.environment[0m [1;30mLevel 1[0m checking '/home/ryanl/4231/MTRN4231_Project/install/gripper/bin'
[14.608s] [34mcolcon.colcon_core.environment[0m [1;30mLevel 1[0m create_environment_scripts_only(gripper)
[14.609s] [34mcolcon.colcon_core.shell[0m [1;30mINFO[0m Creating package script '/home/ryanl/4231/MTRN4231_Project/install/gripper/share/gripper/package.ps1'
[14.609s] [34mcolcon.colcon_core.shell[0m [1;30mINFO[0m Creating package descriptor '/home/ryanl/4231/MTRN4231_Project/install/gripper/share/gripper/package.dsv'
[14.610s] [34mcolcon.colcon_core.shell[0m [1;30mINFO[0m Creating package script '/home/ryanl/4231/MTRN4231_Project/install/gripper/share/gripper/package.sh'
[14.611s] [34mcolcon.colcon_core.shell[0m [1;30mINFO[0m Creating package script '/home/ryanl/4231/MTRN4231_Project/install/gripper/share/gripper/package.bash'
[14.612s] [34mcolcon.colcon_core.shell[0m [1;30mINFO[0m Creating package script '/home/ryanl/4231/MTRN4231_Project/install/gripper/share/gripper/package.zsh'
[14.612s] [34mcolcon.colcon_core.environment[0m [1;30mLevel 1[0m create_file_with_runtime_dependencies(/home/ryanl/4231/MTRN4231_Project/install/gripper/share/colcon-core/packages/gripper)
[16.181s] [34mcolcon.colcon_core.event_handler.log_command[0m [1;30mDEBUG[0m [32mInvoked command in '/home/ryanl/4231/MTRN4231_Project/build/interfaces' returned '0': CMAKE_PREFIX_PATH=${CMAKE_PREFIX_PATH}:/opt/ros/humble /usr/bin/cmake --build /home/ryanl/4231/MTRN4231_Project/build/interfaces -- -j16 -l16[0m
[16.184s] [34mcolcon.colcon_core.event_handler.log_command[0m [1;30mDEBUG[0m [32mInvoking command in '/home/ryanl/4231/MTRN4231_Project/build/interfaces': CMAKE_PREFIX_PATH=${CMAKE_PREFIX_PATH}:/opt/ros/humble /usr/bin/cmake --install /home/ryanl/4231/MTRN4231_Project/build/interfaces[0m
[16.336s] [34mcolcon.colcon_core.environment[0m [1;30mLevel 1[0m create_environment_scripts_only(interfaces)
[16.336s] [34mcolcon.colcon_core.event_handler.log_command[0m [1;30mDEBUG[0m [32mInvoked command in '/home/ryanl/4231/MTRN4231_Project/build/interfaces' returned '0': CMAKE_PREFIX_PATH=${CMAKE_PREFIX_PATH}:/opt/ros/humble /usr/bin/cmake --install /home/ryanl/4231/MTRN4231_Project/build/interfaces[0m
[16.337s] [34mcolcon.colcon_core.environment[0m [1;30mLevel 1[0m checking '/home/ryanl/4231/MTRN4231_Project/install/interfaces' for CMake module files
[16.338s] [34mcolcon.colcon_core.environment[0m [1;30mLevel 1[0m checking '/home/ryanl/4231/MTRN4231_Project/install/interfaces' for CMake config files
[16.338s] [34mcolcon.colcon_core.shell[0m [1;30mLevel 1[0m create_environment_hook('interfaces', 'cmake_prefix_path')
[16.339s] [34mcolcon.colcon_core.shell[0m [1;30mINFO[0m Creating environment hook '/home/ryanl/4231/MTRN4231_Project/install/interfaces/share/interfaces/hook/cmake_prefix_path.ps1'
[16.341s] [34mcolcon.colcon_core.shell[0m [1;30mINFO[0m Creating environment descriptor '/home/ryanl/4231/MTRN4231_Project/install/interfaces/share/interfaces/hook/cmake_prefix_path.dsv'
[16.341s] [34mcolcon.colcon_core.shell[0m [1;30mINFO[0m Creating environment hook '/home/ryanl/4231/MTRN4231_Project/install/interfaces/share/interfaces/hook/cmake_prefix_path.sh'
[16.342s] [34mcolcon.colcon_core.environment[0m [1;30mLevel 1[0m checking '/home/ryanl/4231/MTRN4231_Project/install/interfaces/lib'
[16.342s] [34mcolcon.colcon_core.shell[0m [1;30mLevel 1[0m create_environment_hook('interfaces', 'ld_library_path_lib')
[16.343s] [34mcolcon.colcon_core.shell[0m [1;30mINFO[0m Creating environment hook '/home/ryanl/4231/MTRN4231_Project/install/interfaces/share/interfaces/hook/ld_library_path_lib.ps1'
[16.344s] [34mcolcon.colcon_core.shell[0m [1;30mINFO[0m Creating environment descriptor '/home/ryanl/4231/MTRN4231_Project/install/interfaces/share/interfaces/hook/ld_library_path_lib.dsv'
[16.344s] [34mcolcon.colcon_core.shell[0m [1;30mINFO[0m Creating environment hook '/home/ryanl/4231/MTRN4231_Project/install/interfaces/share/interfaces/hook/ld_library_path_lib.sh'
[16.345s] [34mcolcon.colcon_core.environment[0m [1;30mLevel 1[0m checking '/home/ryanl/4231/MTRN4231_Project/install/interfaces/bin'
[16.345s] [34mcolcon.colcon_core.environment[0m [1;30mLevel 1[0m checking '/home/ryanl/4231/MTRN4231_Project/install/interfaces/lib/pkgconfig/interfaces.pc'
[16.345s] [34mcolcon.colcon_core.environment[0m [1;30mLevel 1[0m checking '/home/ryanl/4231/MTRN4231_Project/install/interfaces/lib/python3.10/site-packages'
[16.345s] [34mcolcon.colcon_core.environment[0m [1;30mLevel 1[0m checking '/home/ryanl/4231/MTRN4231_Project/install/interfaces/bin'
[16.346s] [34mcolcon.colcon_core.shell[0m [1;30mINFO[0m Creating package script '/home/ryanl/4231/MTRN4231_Project/install/interfaces/share/interfaces/package.ps1'
[16.347s] [34mcolcon.colcon_core.shell[0m [1;30mINFO[0m Creating package descriptor '/home/ryanl/4231/MTRN4231_Project/install/interfaces/share/interfaces/package.dsv'
[16.347s] [34mcolcon.colcon_core.shell[0m [1;30mINFO[0m Creating package script '/home/ryanl/4231/MTRN4231_Project/install/interfaces/share/interfaces/package.sh'
[16.348s] [34mcolcon.colcon_core.shell[0m [1;30mINFO[0m Creating package script '/home/ryanl/4231/MTRN4231_Project/install/interfaces/share/interfaces/package.bash'
[16.349s] [34mcolcon.colcon_core.shell[0m [1;30mINFO[0m Creating package script '/home/ryanl/4231/MTRN4231_Project/install/interfaces/share/interfaces/package.zsh'
[16.349s] [34mcolcon.colcon_core.environment[0m [1;30mLevel 1[0m create_file_with_runtime_dependencies(/home/ryanl/4231/MTRN4231_Project/install/interfaces/share/colcon-core/packages/interfaces)
[16.352s] [34mcolcon.colcon_core.environment[0m [1;30mLevel 1[0m create_environment_scripts_only(interfaces)
[16.352s] [34mcolcon.colcon_core.environment[0m [1;30mLevel 1[0m checking '/home/ryanl/4231/MTRN4231_Project/install/interfaces' for CMake module files
[16.353s] [34mcolcon.colcon_core.environment[0m [1;30mLevel 1[0m checking '/home/ryanl/4231/MTRN4231_Project/install/interfaces' for CMake config files
[16.354s] [34mcolcon.colcon_core.shell[0m [1;30mLevel 1[0m create_environment_hook('interfaces', 'cmake_prefix_path')
[16.354s] [34mcolcon.colcon_core.shell[0m [1;30mINFO[0m Creating environment hook '/home/ryanl/4231/MTRN4231_Project/install/interfaces/share/interfaces/hook/cmake_prefix_path.ps1'
[16.355s] [34mcolcon.colcon_core.shell[0m [1;30mINFO[0m Creating environment descriptor '/home/ryanl/4231/MTRN4231_Project/install/interfaces/share/interfaces/hook/cmake_prefix_path.dsv'
[16.356s] [34mcolcon.colcon_core.shell[0m [1;30mINFO[0m Creating environment hook '/home/ryanl/4231/MTRN4231_Project/install/interfaces/share/interfaces/hook/cmake_prefix_path.sh'
[16.357s] [34mcolcon.colcon_core.environment[0m [1;30mLevel 1[0m checking '/home/ryanl/4231/MTRN4231_Project/install/interfaces/lib'
[16.357s] [34mcolcon.colcon_core.shell[0m [1;30mLevel 1[0m create_environment_hook('interfaces', 'ld_library_path_lib')
[16.357s] [34mcolcon.colcon_core.shell[0m [1;30mINFO[0m Creating environment hook '/home/ryanl/4231/MTRN4231_Project/install/interfaces/share/interfaces/hook/ld_library_path_lib.ps1'
[16.358s] [34mcolcon.colcon_core.shell[0m [1;30mINFO[0m Creating environment descriptor '/home/ryanl/4231/MTRN4231_Project/install/interfaces/share/interfaces/hook/ld_library_path_lib.dsv'
[16.359s] [34mcolcon.colcon_core.shell[0m [1;30mINFO[0m Creating environment hook '/home/ryanl/4231/MTRN4231_Project/install/interfaces/share/interfaces/hook/ld_library_path_lib.sh'
[16.359s] [34mcolcon.colcon_core.environment[0m [1;30mLevel 1[0m checking '/home/ryanl/4231/MTRN4231_Project/install/interfaces/bin'
[16.359s] [34mcolcon.colcon_core.environment[0m [1;30mLevel 1[0m checking '/home/ryanl/4231/MTRN4231_Project/install/interfaces/lib/pkgconfig/interfaces.pc'
[16.360s] [34mcolcon.colcon_core.environment[0m [1;30mLevel 1[0m checking '/home/ryanl/4231/MTRN4231_Project/install/interfaces/lib/python3.10/site-packages'
[16.360s] [34mcolcon.colcon_core.environment[0m [1;30mLevel 1[0m checking '/home/ryanl/4231/MTRN4231_Project/install/interfaces/bin'
[16.361s] [34mcolcon.colcon_core.shell[0m [1;30mINFO[0m Creating package script '/home/ryanl/4231/MTRN4231_Project/install/interfaces/share/interfaces/package.ps1'
[16.362s] [34mcolcon.colcon_core.shell[0m [1;30mINFO[0m Creating package descriptor '/home/ryanl/4231/MTRN4231_Project/install/interfaces/share/interfaces/package.dsv'
[16.403s] [34mcolcon.colcon_core.shell[0m [1;30mINFO[0m Creating package script '/home/ryanl/4231/MTRN4231_Project/install/interfaces/share/interfaces/package.sh'
[16.404s] [34mcolcon.colcon_core.shell[0m [1;30mINFO[0m Creating package script '/home/ryanl/4231/MTRN4231_Project/install/interfaces/share/interfaces/package.bash'
[16.405s] [34mcolcon.colcon_core.shell[0m [1;30mINFO[0m Creating package script '/home/ryanl/4231/MTRN4231_Project/install/interfaces/share/interfaces/package.zsh'
[16.405s] [34mcolcon.colcon_core.environment[0m [1;30mLevel 1[0m create_file_with_runtime_dependencies(/home/ryanl/4231/MTRN4231_Project/install/interfaces/share/colcon-core/packages/interfaces)
[16.406s] [34mcolcon.colcon_ros.task.ament_python.build[0m [1;30mINFO[0m Building ROS package in '/home/ryanl/4231/MTRN4231_Project/src/chess_master' with build type 'ament_python'
[16.406s] [34mcolcon.colcon_core.shell[0m [1;30mLevel 1[0m create_environment_hook('chess_master', 'ament_prefix_path')
[16.407s] [34mcolcon.colcon_core.shell[0m [1;30mINFO[0m Creating environment hook '/home/ryanl/4231/MTRN4231_Project/install/chess_master/share/chess_master/hook/ament_prefix_path.ps1'
[16.411s] [34mcolcon.colcon_core.shell[0m [1;30mINFO[0m Creating environment descriptor '/home/ryanl/4231/MTRN4231_Project/install/chess_master/share/chess_master/hook/ament_prefix_path.dsv'
[16.411s] [34mcolcon.colcon_core.shell[0m [1;30mINFO[0m Creating environment hook '/home/ryanl/4231/MTRN4231_Project/install/chess_master/share/chess_master/hook/ament_prefix_path.sh'
[16.412s] [34mcolcon.colcon_core.shell[0m [1;30mINFO[0m Skip shell extension 'powershell' for command environment: Not usable outside of PowerShell
[16.412s] [34mcolcon.colcon_core.shell[0m [1;30mDEBUG[0m [32mSkip shell extension 'dsv' for command environment[0m
[16.421s] [34mcolcon.colcon_ros.task.ament_python.build[0m [1;30mINFO[0m Building ROS package in '/home/ryanl/4231/MTRN4231_Project/src/ui' with build type 'ament_python'
[16.421s] [34mcolcon.colcon_core.shell[0m [1;30mLevel 1[0m create_environment_hook('ui', 'ament_prefix_path')
[16.422s] [34mcolcon.colcon_core.shell[0m [1;30mINFO[0m Creating environment hook '/home/ryanl/4231/MTRN4231_Project/install/ui/share/ui/hook/ament_prefix_path.ps1'
[16.426s] [34mcolcon.colcon_core.shell[0m [1;30mINFO[0m Creating environment descriptor '/home/ryanl/4231/MTRN4231_Project/install/ui/share/ui/hook/ament_prefix_path.dsv'
[16.428s] [34mcolcon.colcon_core.shell[0m [1;30mINFO[0m Creating environment hook '/home/ryanl/4231/MTRN4231_Project/install/ui/share/ui/hook/ament_prefix_path.sh'
[16.429s] [34mcolcon.colcon_core.shell[0m [1;30mINFO[0m Skip shell extension 'powershell' for command environment: Not usable outside of PowerShell
[16.429s] [34mcolcon.colcon_core.shell[0m [1;30mDEBUG[0m [32mSkip shell extension 'dsv' for command environment[0m
[17.084s] [34mcolcon.colcon_core.task.python.build[0m [1;30mINFO[0m Building Python package in '/home/ryanl/4231/MTRN4231_Project/src/chess_master'
[17.084s] [34mcolcon.colcon_core.shell[0m [1;30mINFO[0m Skip shell extension 'powershell' for command environment: Not usable outside of PowerShell
[17.084s] [34mcolcon.colcon_core.shell[0m [1;30mDEBUG[0m [32mSkip shell extension 'dsv' for command environment[0m
[17.576s] [34mcolcon.colcon_core.task.python.build[0m [1;30mINFO[0m Building Python package in '/home/ryanl/4231/MTRN4231_Project/src/ui'
[17.577s] [34mcolcon.colcon_core.shell[0m [1;30mINFO[0m Skip shell extension 'powershell' for command environment: Not usable outside of PowerShell
[17.577s] [34mcolcon.colcon_core.shell[0m [1;30mDEBUG[0m [32mSkip shell extension 'dsv' for command environment[0m
[18.165s] [34mcolcon.colcon_core.event_handler.log_command[0m [1;30mDEBUG[0m [32mInvoking command in '/home/ryanl/4231/MTRN4231_Project/src/chess_master': AMENT_PREFIX_PATH=/home/ryanl/4231/MTRN4231_Project/install/interfaces:${AMENT_PREFIX_PATH} CMAKE_PREFIX_PATH=/home/ryanl/4231/MTRN4231_Project/install/interfaces:${CMAKE_PREFIX_PATH} LD_LIBRARY_PATH=/home/ryanl/4231/MTRN4231_Project/install/interfaces/lib:${LD_LIBRARY_PATH} PYTHONPATH=/home/ryanl/4231/MTRN4231_Project/build/chess_master/prefix_override:/usr/lib/python3/dist-packages/colcon_core/task/python/colcon_distutils_commands:/home/ryanl/4231/MTRN4231_Project/install/chess_master/lib/python3.10/site-packages:/home/ryanl/4231/MTRN4231_Project/install/interfaces/local/lib/python3.10/dist-packages:${PYTHONPATH} /usr/bin/python3 -W ignore:setup.py install is deprecated -W ignore:easy_install command is deprecated setup.py egg_info --egg-base ../../build/chess_master build --build-base /home/ryanl/4231/MTRN4231_Project/build/chess_master/build install --record /home/ryanl/4231/MTRN4231_Project/build/chess_master/install.log --single-version-externally-managed install_data[0m
[18.360s] [34mcolcon.colcon_core.event_handler.log_command[0m [1;30mDEBUG[0m [32mInvoking command in '/home/ryanl/4231/MTRN4231_Project/src/ui': AMENT_PREFIX_PATH=/home/ryanl/4231/MTRN4231_Project/install/interfaces:${AMENT_PREFIX_PATH} CMAKE_PREFIX_PATH=/home/ryanl/4231/MTRN4231_Project/install/interfaces:${CMAKE_PREFIX_PATH} LD_LIBRARY_PATH=/home/ryanl/4231/MTRN4231_Project/install/interfaces/lib:${LD_LIBRARY_PATH} PYTHONPATH=/home/ryanl/4231/MTRN4231_Project/build/ui/prefix_override:/usr/lib/python3/dist-packages/colcon_core/task/python/colcon_distutils_commands:/home/ryanl/4231/MTRN4231_Project/install/ui/lib/python3.10/site-packages:/home/ryanl/4231/MTRN4231_Project/install/interfaces/local/lib/python3.10/dist-packages:${PYTHONPATH} /usr/bin/python3 -W ignore:setup.py install is deprecated -W ignore:easy_install command is deprecated setup.py egg_info --egg-base ../../build/ui build --build-base /home/ryanl/4231/MTRN4231_Project/build/ui/build install --record /home/ryanl/4231/MTRN4231_Project/build/ui/install.log --single-version-externally-managed install_data[0m
[18.752s] [34mcolcon.colcon_core.environment[0m [1;30mLevel 1[0m checking '/home/ryanl/4231/MTRN4231_Project/install/chess_master' for CMake module files
[18.753s] [34mcolcon.colcon_core.event_handler.log_command[0m [1;30mDEBUG[0m [32mInvoked command in '/home/ryanl/4231/MTRN4231_Project/src/chess_master' returned '0': AMENT_PREFIX_PATH=/home/ryanl/4231/MTRN4231_Project/install/interfaces:${AMENT_PREFIX_PATH} CMAKE_PREFIX_PATH=/home/ryanl/4231/MTRN4231_Project/install/interfaces:${CMAKE_PREFIX_PATH} LD_LIBRARY_PATH=/home/ryanl/4231/MTRN4231_Project/install/interfaces/lib:${LD_LIBRARY_PATH} PYTHONPATH=/home/ryanl/4231/MTRN4231_Project/build/chess_master/prefix_override:/usr/lib/python3/dist-packages/colcon_core/task/python/colcon_distutils_commands:/home/ryanl/4231/MTRN4231_Project/install/chess_master/lib/python3.10/site-packages:/home/ryanl/4231/MTRN4231_Project/install/interfaces/local/lib/python3.10/dist-packages:${PYTHONPATH} /usr/bin/python3 -W ignore:setup.py install is deprecated -W ignore:easy_install command is deprecated setup.py egg_info --egg-base ../../build/chess_master build --build-base /home/ryanl/4231/MTRN4231_Project/build/chess_master/build install --record /home/ryanl/4231/MTRN4231_Project/build/chess_master/install.log --single-version-externally-managed install_data[0m
[18.754s] [34mcolcon.colcon_core.environment[0m [1;30mLevel 1[0m checking '/home/ryanl/4231/MTRN4231_Project/install/chess_master' for CMake config files
[18.755s] [34mcolcon.colcon_core.environment[0m [1;30mLevel 1[0m checking '/home/ryanl/4231/MTRN4231_Project/install/chess_master/lib'
[18.755s] [34mcolcon.colcon_core.environment[0m [1;30mLevel 1[0m checking '/home/ryanl/4231/MTRN4231_Project/install/chess_master/bin'
[18.755s] [34mcolcon.colcon_core.environment[0m [1;30mLevel 1[0m checking '/home/ryanl/4231/MTRN4231_Project/install/chess_master/lib/pkgconfig/chess_master.pc'
[18.756s] [34mcolcon.colcon_core.environment[0m [1;30mLevel 1[0m checking '/home/ryanl/4231/MTRN4231_Project/install/chess_master/lib/python3.10/site-packages'
[18.756s] [34mcolcon.colcon_core.shell[0m [1;30mLevel 1[0m create_environment_hook('chess_master', 'pythonpath')
[18.757s] [34mcolcon.colcon_core.shell[0m [1;30mINFO[0m Creating environment hook '/home/ryanl/4231/MTRN4231_Project/install/chess_master/share/chess_master/hook/pythonpath.ps1'
[18.757s] [34mcolcon.colcon_core.shell[0m [1;30mINFO[0m Creating environment descriptor '/home/ryanl/4231/MTRN4231_Project/install/chess_master/share/chess_master/hook/pythonpath.dsv'
[18.758s] [34mcolcon.colcon_core.shell[0m [1;30mINFO[0m Creating environment hook '/home/ryanl/4231/MTRN4231_Project/install/chess_master/share/chess_master/hook/pythonpath.sh'
[18.759s] [34mcolcon.colcon_core.environment[0m [1;30mLevel 1[0m checking '/home/ryanl/4231/MTRN4231_Project/install/chess_master/bin'
[18.759s] [34mcolcon.colcon_core.environment[0m [1;30mLevel 1[0m create_environment_scripts_only(chess_master)
[18.760s] [34mcolcon.colcon_core.shell[0m [1;30mINFO[0m Creating package script '/home/ryanl/4231/MTRN4231_Project/install/chess_master/share/chess_master/package.ps1'
[18.761s] [34mcolcon.colcon_core.shell[0m [1;30mINFO[0m Creating package descriptor '/home/ryanl/4231/MTRN4231_Project/install/chess_master/share/chess_master/package.dsv'
[18.761s] [34mcolcon.colcon_core.shell[0m [1;30mINFO[0m Creating package script '/home/ryanl/4231/MTRN4231_Project/install/chess_master/share/chess_master/package.sh'
[18.762s] [34mcolcon.colcon_core.shell[0m [1;30mINFO[0m Creating package script '/home/ryanl/4231/MTRN4231_Project/install/chess_master/share/chess_master/package.bash'
[18.763s] [34mcolcon.colcon_core.shell[0m [1;30mINFO[0m Creating package script '/home/ryanl/4231/MTRN4231_Project/install/chess_master/share/chess_master/package.zsh'
[18.763s] [34mcolcon.colcon_core.environment[0m [1;30mLevel 1[0m create_file_with_runtime_dependencies(/home/ryanl/4231/MTRN4231_Project/install/chess_master/share/colcon-core/packages/chess_master)
[18.931s] [34mcolcon.colcon_core.environment[0m [1;30mLevel 1[0m checking '/home/ryanl/4231/MTRN4231_Project/install/ui' for CMake module files
[18.933s] [34mcolcon.colcon_core.event_handler.log_command[0m [1;30mDEBUG[0m [32mInvoked command in '/home/ryanl/4231/MTRN4231_Project/src/ui' returned '0': AMENT_PREFIX_PATH=/home/ryanl/4231/MTRN4231_Project/install/interfaces:${AMENT_PREFIX_PATH} CMAKE_PREFIX_PATH=/home/ryanl/4231/MTRN4231_Project/install/interfaces:${CMAKE_PREFIX_PATH} LD_LIBRARY_PATH=/home/ryanl/4231/MTRN4231_Project/install/interfaces/lib:${LD_LIBRARY_PATH} PYTHONPATH=/home/ryanl/4231/MTRN4231_Project/build/ui/prefix_override:/usr/lib/python3/dist-packages/colcon_core/task/python/colcon_distutils_commands:/home/ryanl/4231/MTRN4231_Project/install/ui/lib/python3.10/site-packages:/home/ryanl/4231/MTRN4231_Project/install/interfaces/local/lib/python3.10/dist-packages:${PYTHONPATH} /usr/bin/python3 -W ignore:setup.py install is deprecated -W ignore:easy_install command is deprecated setup.py egg_info --egg-base ../../build/ui build --build-base /home/ryanl/4231/MTRN4231_Project/build/ui/build install --record /home/ryanl/4231/MTRN4231_Project/build/ui/install.log --single-version-externally-managed install_data[0m
[18.933s] [34mcolcon.colcon_core.environment[0m [1;30mLevel 1[0m checking '/home/ryanl/4231/MTRN4231_Project/install/ui' for CMake config files
[18.934s] [34mcolcon.colcon_core.environment[0m [1;30mLevel 1[0m checking '/home/ryanl/4231/MTRN4231_Project/install/ui/lib'
[18.934s] [34mcolcon.colcon_core.environment[0m [1;30mLevel 1[0m checking '/home/ryanl/4231/MTRN4231_Project/install/ui/bin'
[18.934s] [34mcolcon.colcon_core.environment[0m [1;30mLevel 1[0m checking '/home/ryanl/4231/MTRN4231_Project/install/ui/lib/pkgconfig/ui.pc'
[18.935s] [34mcolcon.colcon_core.environment[0m [1;30mLevel 1[0m checking '/home/ryanl/4231/MTRN4231_Project/install/ui/lib/python3.10/site-packages'
[18.935s] [34mcolcon.colcon_core.shell[0m [1;30mLevel 1[0m create_environment_hook('ui', 'pythonpath')
[18.935s] [34mcolcon.colcon_core.shell[0m [1;30mINFO[0m Creating environment hook '/home/ryanl/4231/MTRN4231_Project/install/ui/share/ui/hook/pythonpath.ps1'
[18.936s] [34mcolcon.colcon_core.shell[0m [1;30mINFO[0m Creating environment descriptor '/home/ryanl/4231/MTRN4231_Project/install/ui/share/ui/hook/pythonpath.dsv'
[18.937s] [34mcolcon.colcon_core.shell[0m [1;30mINFO[0m Creating environment hook '/home/ryanl/4231/MTRN4231_Project/install/ui/share/ui/hook/pythonpath.sh'
[18.937s] [34mcolcon.colcon_core.environment[0m [1;30mLevel 1[0m checking '/home/ryanl/4231/MTRN4231_Project/install/ui/bin'
[18.938s] [34mcolcon.colcon_core.environment[0m [1;30mLevel 1[0m create_environment_scripts_only(ui)
[18.938s] [34mcolcon.colcon_core.shell[0m [1;30mINFO[0m Creating package script '/home/ryanl/4231/MTRN4231_Project/install/ui/share/ui/package.ps1'
[18.939s] [34mcolcon.colcon_core.shell[0m [1;30mINFO[0m Creating package descriptor '/home/ryanl/4231/MTRN4231_Project/install/ui/share/ui/package.dsv'
[18.940s] [34mcolcon.colcon_core.shell[0m [1;30mINFO[0m Creating package script '/home/ryanl/4231/MTRN4231_Project/install/ui/share/ui/package.sh'
[18.940s] [34mcolcon.colcon_core.shell[0m [1;30mINFO[0m Creating package script '/home/ryanl/4231/MTRN4231_Project/install/ui/share/ui/package.bash'
[18.941s] [34mcolcon.colcon_core.shell[0m [1;30mINFO[0m Creating package script '/home/ryanl/4231/MTRN4231_Project/install/ui/share/ui/package.zsh'
[18.941s] [34mcolcon.colcon_core.environment[0m [1;30mLevel 1[0m create_file_with_runtime_dependencies(/home/ryanl/4231/MTRN4231_Project/install/ui/share/colcon-core/packages/ui)
[25.373s] [34mcolcon.colcon_core.event_handler.log_command[0m [1;30mDEBUG[0m [32mInvoked command in '/home/ryanl/4231/MTRN4231_Project/build/move_to_marker' returned '0': CMAKE_PREFIX_PATH=${CMAKE_PREFIX_PATH}:/opt/ros/humble /usr/bin/cmake /home/ryanl/4231/MTRN4231_Project/src/move_to_marker -DCMAKE_INSTALL_PREFIX=/home/ryanl/4231/MTRN4231_Project/install/move_to_marker[0m
[25.376s] [34mcolcon.colcon_core.event_handler.log_command[0m [1;30mDEBUG[0m [32mInvoking command in '/home/ryanl/4231/MTRN4231_Project/build/move_to_marker': CMAKE_PREFIX_PATH=${CMAKE_PREFIX_PATH}:/opt/ros/humble /usr/bin/cmake --build /home/ryanl/4231/MTRN4231_Project/build/move_to_marker -- -j16 -l16[0m
[34.447s] [34mcolcon.colcon_core.event_handler.log_command[0m [1;30mDEBUG[0m [32mInvoked command in '/home/ryanl/4231/MTRN4231_Project/build/arm_controller' returned '0': CMAKE_PREFIX_PATH=/home/ryanl/4231/MTRN4231_Project/install/custom_interfaces:/home/ryanl/4231/MTRN4231_Project/install/move_to_marker:/home/ryanl/4231/MTRN4231_Project/install/end_effector_description:/home/ryanl/4231/MTRN4231_Project/install/arm_controller:/opt/ros/humble /usr/bin/cmake /home/ryanl/4231/MTRN4231_Project/src/arm_controller -DCMAKE_INSTALL_PREFIX=/home/ryanl/4231/MTRN4231_Project/install/arm_controller[0m
[34.450s] [34mcolcon.colcon_core.event_handler.log_command[0m [1;30mDEBUG[0m [32mInvoking command in '/home/ryanl/4231/MTRN4231_Project/build/arm_controller': CMAKE_PREFIX_PATH=/home/ryanl/4231/MTRN4231_Project/install/custom_interfaces:/home/ryanl/4231/MTRN4231_Project/install/move_to_marker:/home/ryanl/4231/MTRN4231_Project/install/end_effector_description:/home/ryanl/4231/MTRN4231_Project/install/arm_controller:/opt/ros/humble /usr/bin/cmake --build /home/ryanl/4231/MTRN4231_Project/build/arm_controller -- -j16 -l16[0m
[53.162s] [34mcolcon.colcon_core.event_handler.log_command[0m [1;30mDEBUG[0m [32mInvoked command in '/home/ryanl/4231/MTRN4231_Project/build/move_to_marker' returned '0': CMAKE_PREFIX_PATH=${CMAKE_PREFIX_PATH}:/opt/ros/humble /usr/bin/cmake --build /home/ryanl/4231/MTRN4231_Project/build/move_to_marker -- -j16 -l16[0m
[53.166s] [34mcolcon.colcon_core.event_handler.log_command[0m [1;30mDEBUG[0m [32mInvoking command in '/home/ryanl/4231/MTRN4231_Project/build/move_to_marker': CMAKE_PREFIX_PATH=${CMAKE_PREFIX_PATH}:/opt/ros/humble /usr/bin/cmake --install /home/ryanl/4231/MTRN4231_Project/build/move_to_marker[0m
[53.209s] [34mcolcon.colcon_core.environment[0m [1;30mLevel 1[0m create_environment_scripts_only(move_to_marker)
[53.209s] [34mcolcon.colcon_core.environment[0m [1;30mLevel 1[0m checking '/home/ryanl/4231/MTRN4231_Project/install/move_to_marker' for CMake module files
[53.210s] [34mcolcon.colcon_core.event_handler.log_command[0m [1;30mDEBUG[0m [32mInvoked command in '/home/ryanl/4231/MTRN4231_Project/build/move_to_marker' returned '0': CMAKE_PREFIX_PATH=${CMAKE_PREFIX_PATH}:/opt/ros/humble /usr/bin/cmake --install /home/ryanl/4231/MTRN4231_Project/build/move_to_marker[0m
[53.212s] [34mcolcon.colcon_core.environment[0m [1;30mLevel 1[0m checking '/home/ryanl/4231/MTRN4231_Project/install/move_to_marker' for CMake config files
[53.215s] [34mcolcon.colcon_core.shell[0m [1;30mLevel 1[0m create_environment_hook('move_to_marker', 'cmake_prefix_path')
[53.215s] [34mcolcon.colcon_core.shell[0m [1;30mINFO[0m Creating environment hook '/home/ryanl/4231/MTRN4231_Project/install/move_to_marker/share/move_to_marker/hook/cmake_prefix_path.ps1'
[53.216s] [34mcolcon.colcon_core.shell[0m [1;30mINFO[0m Creating environment descriptor '/home/ryanl/4231/MTRN4231_Project/install/move_to_marker/share/move_to_marker/hook/cmake_prefix_path.dsv'
[53.217s] [34mcolcon.colcon_core.shell[0m [1;30mINFO[0m Creating environment hook '/home/ryanl/4231/MTRN4231_Project/install/move_to_marker/share/move_to_marker/hook/cmake_prefix_path.sh'
[53.218s] [34mcolcon.colcon_core.environment[0m [1;30mLevel 1[0m checking '/home/ryanl/4231/MTRN4231_Project/install/move_to_marker/lib'
[53.218s] [34mcolcon.colcon_core.environment[0m [1;30mLevel 1[0m checking '/home/ryanl/4231/MTRN4231_Project/install/move_to_marker/bin'
[53.218s] [34mcolcon.colcon_core.environment[0m [1;30mLevel 1[0m checking '/home/ryanl/4231/MTRN4231_Project/install/move_to_marker/lib/pkgconfig/move_to_marker.pc'
[53.218s] [34mcolcon.colcon_core.environment[0m [1;30mLevel 1[0m checking '/home/ryanl/4231/MTRN4231_Project/install/move_to_marker/lib/python3.10/site-packages'
[53.218s] [34mcolcon.colcon_core.environment[0m [1;30mLevel 1[0m checking '/home/ryanl/4231/MTRN4231_Project/install/move_to_marker/bin'
[53.219s] [34mcolcon.colcon_core.shell[0m [1;30mINFO[0m Creating package script '/home/ryanl/4231/MTRN4231_Project/install/move_to_marker/share/move_to_marker/package.ps1'
[53.220s] [34mcolcon.colcon_core.shell[0m [1;30mINFO[0m Creating package descriptor '/home/ryanl/4231/MTRN4231_Project/install/move_to_marker/share/move_to_marker/package.dsv'
[53.220s] [34mcolcon.colcon_core.shell[0m [1;30mINFO[0m Creating package script '/home/ryanl/4231/MTRN4231_Project/install/move_to_marker/share/move_to_marker/package.sh'
[53.221s] [34mcolcon.colcon_core.shell[0m [1;30mINFO[0m Creating package script '/home/ryanl/4231/MTRN4231_Project/install/move_to_marker/share/move_to_marker/package.bash'
[53.222s] [34mcolcon.colcon_core.shell[0m [1;30mINFO[0m Creating package script '/home/ryanl/4231/MTRN4231_Project/install/move_to_marker/share/move_to_marker/package.zsh'
[53.222s] [34mcolcon.colcon_core.environment[0m [1;30mLevel 1[0m create_file_with_runtime_dependencies(/home/ryanl/4231/MTRN4231_Project/install/move_to_marker/share/colcon-core/packages/move_to_marker)
[53.223s] [34mcolcon.colcon_core.environment[0m [1;30mLevel 1[0m create_environment_scripts_only(move_to_marker)
[53.223s] [34mcolcon.colcon_core.environment[0m [1;30mLevel 1[0m checking '/home/ryanl/4231/MTRN4231_Project/install/move_to_marker' for CMake module files
[53.224s] [34mcolcon.colcon_core.environment[0m [1;30mLevel 1[0m checking '/home/ryanl/4231/MTRN4231_Project/install/move_to_marker' for CMake config files
[53.225s] [34mcolcon.colcon_core.shell[0m [1;30mLevel 1[0m create_environment_hook('move_to_marker', 'cmake_prefix_path')
[53.225s] [34mcolcon.colcon_core.shell[0m [1;30mINFO[0m Creating environment hook '/home/ryanl/4231/MTRN4231_Project/install/move_to_marker/share/move_to_marker/hook/cmake_prefix_path.ps1'
[53.226s] [34mcolcon.colcon_core.shell[0m [1;30mINFO[0m Creating environment descriptor '/home/ryanl/4231/MTRN4231_Project/install/move_to_marker/share/move_to_marker/hook/cmake_prefix_path.dsv'
[53.227s] [34mcolcon.colcon_core.shell[0m [1;30mINFO[0m Creating environment hook '/home/ryanl/4231/MTRN4231_Project/install/move_to_marker/share/move_to_marker/hook/cmake_prefix_path.sh'
[53.227s] [34mcolcon.colcon_core.environment[0m [1;30mLevel 1[0m checking '/home/ryanl/4231/MTRN4231_Project/install/move_to_marker/lib'
[53.228s] [34mcolcon.colcon_core.environment[0m [1;30mLevel 1[0m checking '/home/ryanl/4231/MTRN4231_Project/install/move_to_marker/bin'
[53.228s] [34mcolcon.colcon_core.environment[0m [1;30mLevel 1[0m checking '/home/ryanl/4231/MTRN4231_Project/install/move_to_marker/lib/pkgconfig/move_to_marker.pc'
[53.228s] [34mcolcon.colcon_core.environment[0m [1;30mLevel 1[0m checking '/home/ryanl/4231/MTRN4231_Project/install/move_to_marker/lib/python3.10/site-packages'
[53.229s] [34mcolcon.colcon_core.environment[0m [1;30mLevel 1[0m checking '/home/ryanl/4231/MTRN4231_Project/install/move_to_marker/bin'
[53.229s] [34mcolcon.colcon_core.shell[0m [1;30mINFO[0m Creating package script '/home/ryanl/4231/MTRN4231_Project/install/move_to_marker/share/move_to_marker/package.ps1'
[53.230s] [34mcolcon.colcon_core.shell[0m [1;30mINFO[0m Creating package descriptor '/home/ryanl/4231/MTRN4231_Project/install/move_to_marker/share/move_to_marker/package.dsv'
[53.231s] [34mcolcon.colcon_core.shell[0m [1;30mINFO[0m Creating package script '/home/ryanl/4231/MTRN4231_Project/install/move_to_marker/share/move_to_marker/package.sh'
[53.231s] [34mcolcon.colcon_core.shell[0m [1;30mINFO[0m Creating package script '/home/ryanl/4231/MTRN4231_Project/install/move_to_marker/share/move_to_marker/package.bash'
[53.232s] [34mcolcon.colcon_core.shell[0m [1;30mINFO[0m Creating package script '/home/ryanl/4231/MTRN4231_Project/install/move_to_marker/share/move_to_marker/package.zsh'
[53.233s] [34mcolcon.colcon_core.environment[0m [1;30mLevel 1[0m create_file_with_runtime_dependencies(/home/ryanl/4231/MTRN4231_Project/install/move_to_marker/share/colcon-core/packages/move_to_marker)
[62.517s] [34mcolcon.colcon_core.event_handler.log_command[0m [1;30mDEBUG[0m [32mInvoked command in '/home/ryanl/4231/MTRN4231_Project/build/arm_controller' returned '0': CMAKE_PREFIX_PATH=/home/ryanl/4231/MTRN4231_Project/install/custom_interfaces:/home/ryanl/4231/MTRN4231_Project/install/move_to_marker:/home/ryanl/4231/MTRN4231_Project/install/end_effector_description:/home/ryanl/4231/MTRN4231_Project/install/arm_controller:/opt/ros/humble /usr/bin/cmake --build /home/ryanl/4231/MTRN4231_Project/build/arm_controller -- -j16 -l16[0m
[62.521s] [34mcolcon.colcon_core.event_handler.log_command[0m [1;30mDEBUG[0m [32mInvoking command in '/home/ryanl/4231/MTRN4231_Project/build/arm_controller': CMAKE_PREFIX_PATH=/home/ryanl/4231/MTRN4231_Project/install/custom_interfaces:/home/ryanl/4231/MTRN4231_Project/install/move_to_marker:/home/ryanl/4231/MTRN4231_Project/install/end_effector_description:/home/ryanl/4231/MTRN4231_Project/install/arm_controller:/opt/ros/humble /usr/bin/cmake --install /home/ryanl/4231/MTRN4231_Project/build/arm_controller[0m
[62.556s] [34mcolcon.colcon_core.event_handler.log_command[0m [1;30mDEBUG[0m [32mInvoked command in '/home/ryanl/4231/MTRN4231_Project/build/arm_controller' returned '1': CMAKE_PREFIX_PATH=/home/ryanl/4231/MTRN4231_Project/install/custom_interfaces:/home/ryanl/4231/MTRN4231_Project/install/move_to_marker:/home/ryanl/4231/MTRN4231_Project/install/end_effector_description:/home/ryanl/4231/MTRN4231_Project/install/arm_controller:/opt/ros/humble /usr/bin/cmake --install /home/ryanl/4231/MTRN4231_Project/build/arm_controller[0m
[62.557s] [34mcolcon.colcon_core.environment[0m [1;30mLevel 1[0m create_environment_scripts_only(arm_controller)
[62.557s] [34mcolcon.colcon_core.environment[0m [1;30mLevel 1[0m checking '/home/ryanl/4231/MTRN4231_Project/install/arm_controller' for CMake module files
[62.563s] [34mcolcon.colcon_core.environment[0m [1;30mLevel 1[0m checking '/home/ryanl/4231/MTRN4231_Project/install/arm_controller' for CMake config files
[62.563s] [34mcolcon.colcon_core.shell[0m [1;30mLevel 1[0m create_environment_hook('arm_controller', 'cmake_prefix_path')
[62.564s] [34mcolcon.colcon_core.shell[0m [1;30mINFO[0m Creating environment hook '/home/ryanl/4231/MTRN4231_Project/install/arm_controller/share/arm_controller/hook/cmake_prefix_path.ps1'
[62.564s] [34mcolcon.colcon_core.shell[0m [1;30mINFO[0m Creating environment descriptor '/home/ryanl/4231/MTRN4231_Project/install/arm_controller/share/arm_controller/hook/cmake_prefix_path.dsv'
[62.565s] [34mcolcon.colcon_core.shell[0m [1;30mINFO[0m Creating environment hook '/home/ryanl/4231/MTRN4231_Project/install/arm_controller/share/arm_controller/hook/cmake_prefix_path.sh'
[62.566s] [34mcolcon.colcon_core.environment[0m [1;30mLevel 1[0m checking '/home/ryanl/4231/MTRN4231_Project/install/arm_controller/lib'
[62.566s] [34mcolcon.colcon_core.environment[0m [1;30mLevel 1[0m checking '/home/ryanl/4231/MTRN4231_Project/install/arm_controller/bin'
[62.566s] [34mcolcon.colcon_core.environment[0m [1;30mLevel 1[0m checking '/home/ryanl/4231/MTRN4231_Project/install/arm_controller/lib/pkgconfig/arm_controller.pc'
[62.566s] [34mcolcon.colcon_core.environment[0m [1;30mLevel 1[0m checking '/home/ryanl/4231/MTRN4231_Project/install/arm_controller/lib/python3.10/site-packages'
[62.566s] [34mcolcon.colcon_core.environment[0m [1;30mLevel 1[0m checking '/home/ryanl/4231/MTRN4231_Project/install/arm_controller/bin'
[62.567s] [34mcolcon.colcon_core.shell[0m [1;30mINFO[0m Creating package script '/home/ryanl/4231/MTRN4231_Project/install/arm_controller/share/arm_controller/package.ps1'
[62.567s] [34mcolcon.colcon_core.shell[0m [1;30mINFO[0m Creating package descriptor '/home/ryanl/4231/MTRN4231_Project/install/arm_controller/share/arm_controller/package.dsv'
[62.568s] [34mcolcon.colcon_core.shell[0m [1;30mINFO[0m Creating package script '/home/ryanl/4231/MTRN4231_Project/install/arm_controller/share/arm_controller/package.sh'
[62.569s] [34mcolcon.colcon_core.shell[0m [1;30mINFO[0m Creating package script '/home/ryanl/4231/MTRN4231_Project/install/arm_controller/share/arm_controller/package.bash'
[62.569s] [34mcolcon.colcon_core.shell[0m [1;30mINFO[0m Creating package script '/home/ryanl/4231/MTRN4231_Project/install/arm_controller/share/arm_controller/package.zsh'
[62.570s] [34mcolcon.colcon_core.environment[0m [1;30mLevel 1[0m create_file_with_runtime_dependencies(/home/ryanl/4231/MTRN4231_Project/install/arm_controller/share/colcon-core/packages/arm_controller)
[62.581s] [34mcolcon.colcon_parallel_executor.executor.parallel[0m [1;30mDEBUG[0m [32mclosing loop[0m
[62.582s] [34mcolcon.colcon_parallel_executor.executor.parallel[0m [1;30mDEBUG[0m [32mloop closed[0m
[62.582s] [34mcolcon.colcon_parallel_executor.executor.parallel[0m [1;30mDEBUG[0m [32mrun_until_complete finished with '1'[0m
[62.582s] [34mcolcon.colcon_core.event_reactor[0m [1;30mDEBUG[0m [32mjoining thread[0m
[62.671s] [34mcolcon.colcon_core.plugin_system[0m [1;30mINFO[0m Skipping extension 'colcon_notification.desktop_notification.notify_send': Could not find 'notify-send'
[62.672s] [34mcolcon.colcon_core.plugin_system[0m [1;30mINFO[0m Skipping extension 'colcon_notification.desktop_notification.terminal_notifier': Not used on non-Darwin systems
[62.672s] [34mcolcon.colcon_core.plugin_system[0m [1;30mINFO[0m Skipping extension 'colcon_notification.desktop_notification.win32': Not used on non-Windows systems
[62.672s] [34mcolcon.colcon_notification.desktop_notification[0m [1;30mINFO[0m Sending desktop notification using 'notify2'
[62.672s] [34mcolcon.colcon_notification.desktop_notification.notify2[0m [1;30mDEBUG[0m [32mFailed to initialize notify2: org.freedesktop.DBus.Error.FileNotFound: Failed to connect to socket /run/user/1000/bus: No such file or directory[0m
[62.673s] [34mcolcon.colcon_core.event_reactor[0m [1;30mDEBUG[0m [32mjoined thread[0m
[62.673s] [34mcolcon.colcon_core.shell[0m [1;30mINFO[0m Creating prefix script '/home/ryanl/4231/MTRN4231_Project/install/local_setup.ps1'
[62.675s] [34mcolcon.colcon_core.shell[0m [1;30mINFO[0m Creating prefix util module '/home/ryanl/4231/MTRN4231_Project/install/_local_setup_util_ps1.py'
[62.677s] [34mcolcon.colcon_core.shell[0m [1;30mINFO[0m Creating prefix chain script '/home/ryanl/4231/MTRN4231_Project/install/setup.ps1'
[62.679s] [34mcolcon.colcon_core.shell[0m [1;30mINFO[0m Creating prefix script '/home/ryanl/4231/MTRN4231_Project/install/local_setup.sh'
[62.680s] [34mcolcon.colcon_core.shell[0m [1;30mINFO[0m Creating prefix util module '/home/ryanl/4231/MTRN4231_Project/install/_local_setup_util_sh.py'
[62.681s] [34mcolcon.colcon_core.shell[0m [1;30mINFO[0m Creating prefix chain script '/home/ryanl/4231/MTRN4231_Project/install/setup.sh'
[62.683s] [34mcolcon.colcon_core.shell[0m [1;30mINFO[0m Creating prefix script '/home/ryanl/4231/MTRN4231_Project/install/local_setup.bash'
[62.684s] [34mcolcon.colcon_core.shell[0m [1;30mINFO[0m Creating prefix chain script '/home/ryanl/4231/MTRN4231_Project/install/setup.bash'
[62.686s] [34mcolcon.colcon_core.shell[0m [1;30mINFO[0m Creating prefix script '/home/ryanl/4231/MTRN4231_Project/install/local_setup.zsh'
[62.687s] [34mcolcon.colcon_core.shell[0m [1;30mINFO[0m Creating prefix chain script '/home/ryanl/4231/MTRN4231_Project/install/setup.zsh'
